FILENAME,DURATION,INPUT_SNR,SI-SDR,SSNR,ESTOI,PESQ_WB,POLQA_WB,DNSMOS_P808,DNSMOS_OVRL,DNSMOS_SIG,DNSMOS_BAK,MOS_COL,MOS_DISC,MOS_LOUD,MOS_REVERB,MOS_SIG,MOS_OVRL,WER_QuartzNet15x5Base-En
p232_001.wav,1.741,,15.462,6.088,0.847,3.302,,3.791,3.276,3.582,4.045,3.793,3.691,3.523,3.797,3.983,3.539,0.0
p232_002.wav,2.715,,11.329,5.903,0.958,3.603,4.33,3.644,3.253,3.603,3.902,4.521,3.485,4.102,4.15,4.229,3.746,0.0
p232_003.wav,7.185,,6.764,-0.126,0.933,3.057,4.23,3.818,3.071,3.459,3.829,3.5,4.127,3.486,4.63,3.707,3.237,0.05
p232_005.wav,6.247,,1.912,-2.839,0.756,1.427,2.28,3.393,2.558,3.582,2.587,3.418,2.82,2.978,3.525,2.654,2.268,0.0
p232_006.wav,5.104,,17.33,11.026,0.903,2.586,3.62,4.05,3.169,3.513,3.911,4.204,4.268,4.074,4.361,3.801,3.409,0.059
p232_007.wav,3.956,,13.479,6.876,0.895,2.345,3.2,3.881,3.018,3.61,3.421,3.595,3.78,4.094,4.172,3.535,2.643,0.0
p232_009.wav,4.158,,7.076,1.846,0.893,2.233,3.31,3.767,3.034,3.515,3.667,3.871,4.175,3.282,4.735,3.124,2.594,0.0
p232_010.wav,2.764,,1.391,-9.733,0.478,1.25,2.07,2.567,1.377,1.935,1.358,2.66,3.46,3.007,3.584,2.468,1.826,0.0
p232_011.wav,6.538,,17.564,11.018,0.929,2.924,3.82,3.944,3.207,3.681,3.668,3.642,4.017,4.057,4.65,3.765,3.414,0.0
p232_012.wav,4.336,,13.355,7.69,0.93,2.72,3.42,3.809,3.198,3.64,3.73,3.921,3.872,3.801,4.613,3.772,3.315,0.0
p232_013.wav,3.943,,7.636,0.203,0.836,1.487,2.56,3.073,2.67,3.605,2.902,3.241,3.531,3.53,3.868,2.71,1.874,0.0
p232_014.wav,4.617,,2.186,-3.776,0.821,1.442,1.98,3.2,3.023,3.658,3.421,3.496,3.315,3.967,4.08,2.91,2.158,0.0
p232_015.wav,5.32,,16.957,12.806,0.987,3.713,4.29,3.963,3.403,3.658,4.094,4.242,3.613,3.872,4.084,3.843,3.492,0.0
p232_016.wav,5.569,,12.012,8.021,0.979,3.458,4.27,4.115,3.246,3.599,3.941,3.724,3.681,3.876,4.319,3.529,3.196,0.0
p232_017.wav,2.889,,6.439,0.192,0.975,3.046,4.16,3.434,3.08,3.462,3.865,3.977,3.531,4.1,4.776,3.25,2.607,0.25
p232_019.wav,6.736,,2.215,-2.224,0.944,2.341,3.35,3.628,3.234,3.668,3.828,3.717,3.06,4.103,4.09,3.039,2.658,0.105
p232_020.wav,3.617,,17.381,9.62,0.917,3.278,4.27,3.894,3.265,3.607,3.911,3.787,4.232,3.746,4.659,3.567,3.201,0.0
p232_021.wav,8.51,,12.099,8.443,0.935,2.876,3.56,4.011,3.126,3.591,3.624,3.819,3.652,4.328,4.64,3.558,3.243,0.0
p232_022.wav,5.794,,7.287,2.887,0.919,1.954,2.95,3.542,2.952,3.644,3.319,3.644,3.581,4.011,4.335,3.298,2.813,0.056
p232_023.wav,9.769,,2.086,-4.119,0.834,1.465,2.56,3.198,2.688,3.66,2.806,3.623,3.138,3.906,4.243,2.653,2.351,0.111
p232_024.wav,5.52,,17.361,14.353,0.99,4.02,4.58,3.97,3.252,3.615,3.876,4.854,4.929,4.353,4.647,4.801,4.603,0.0
p232_025.wav,1.876,,17.497,9.647,0.944,2.932,,3.788,3.278,3.576,4.014,3.728,4.051,2.938,3.933,3.441,2.956,0.0
p232_027.wav,3.771,,6.805,1.779,0.975,3.284,4.05,3.926,3.164,3.624,3.762,3.84,3.616,3.812,4.501,3.466,3.198,0.0
p232_028.wav,2.065,,0.241,-12.429,0.668,1.867,,3.297,2.597,3.363,3.014,2.871,3.217,2.888,3.744,3.096,2.61,0.0
p232_029.wav,3.415,,18.277,8.777,0.916,2.525,3.3,3.906,3.179,3.537,3.911,4.091,3.946,4.035,4.53,3.43,3.208,0.0
p232_030.wav,3.849,,12.163,7.665,0.971,2.438,3.8,3.855,3.12,3.46,3.921,4.22,3.464,3.738,3.839,3.164,2.848,0.083
p232_031.wav,2.29,,5.796,-2.601,0.687,1.853,3.03,3.492,3.065,3.452,3.854,3.911,3.62,3.749,3.999,3.423,3.164,0.0
p232_032.wav,3.49,,2.536,-4.017,0.526,1.158,1.7,2.696,1.452,2.139,1.46,2.761,3.536,3.609,4.077,2.809,1.57,0.091
p232_033.wav,1.448,,15.936,3.854,0.791,2.801,,3.36,2.841,3.407,3.522,3.069,4.494,3.573,4.266,3.367,3.06,0.0
p232_034.wav,1.472,,10.917,1.146,0.663,1.46,,2.903,2.381,3.28,2.728,3.655,4.423,3.063,4.479,3.666,3.216,0.0
p232_035.wav,3.158,,8.932,3.2,0.918,1.965,2.88,3.338,3.216,3.643,3.801,3.712,3.459,3.542,4.292,2.849,2.279,0.077
p232_036.wav,2.843,,1.725,-6.307,0.601,1.17,1.95,2.702,1.248,1.632,1.351,2.869,3.585,2.984,3.723,2.615,1.89,0.0
p232_037.wav,3.856,,16.561,11.594,0.996,3.765,4.62,3.808,3.372,3.614,4.122,4.222,3.65,4.079,4.432,3.754,3.357,0.0
p232_038.wav,2.09,,10.95,1.784,0.908,2.859,,3.749,3.105,3.481,3.893,4.08,3.234,3.466,3.452,3.521,3.222,0.0
p232_039.wav,1.94,,4.475,-6.531,0.624,2.294,,3.158,2.683,3.247,3.516,4.148,2.932,3.428,3.636,3.569,3.379,0.0
p232_040.wav,1.898,,0.489,-7.349,0.987,2.743,,3.292,3.03,3.515,3.65,3.686,2.438,4.15,3.834,3.021,3.109,0.0
p232_041.wav,2.007,,17.292,7.559,0.83,2.597,,3.436,3.132,3.566,3.73,3.99,3.776,4.205,3.925,3.702,3.283,0.0
p232_042.wav,2.514,,11.337,4.774,0.985,3.378,4.25,4.122,3.207,3.553,3.958,3.555,4.165,3.833,4.194,3.536,3.219,0.0
p232_043.wav,1.96,,6.965,-4.402,0.718,1.872,,2.884,2.895,3.602,3.258,2.617,3.265,3.317,4.175,2.628,2.33,0.0
p232_044.wav,1.383,,-0.038,-9.543,0.638,1.149,,2.984,2.115,3.335,2.095,2.702,2.965,3.018,3.153,2.397,1.781,0.0
p232_045.wav,1.238,,14.346,3.352,0.911,3.869,,3.33,2.998,3.312,3.963,3.792,3.386,3.634,3.858,3.516,3.218,0.0
p232_046.wav,1.416,,10.158,-1.802,0.754,2.203,,2.879,2.693,3.361,3.313,3.461,2.978,3.79,4.381,2.884,2.469,0.0
p232_047.wav,1.926,,5.828,-4.743,0.849,2.797,,3.148,3.004,3.543,3.597,4.056,3.533,3.403,3.896,3.481,3.201,0.0
p232_048.wav,1.82,,-0.579,-13.568,0.561,1.826,,3.089,2.53,3.545,2.667,3.824,3.234,3.199,4.164,2.932,2.399,0.0
p232_049.wav,2.941,,16.988,12.217,0.96,2.884,3.81,3.76,3.298,3.61,3.975,3.49,3.899,3.662,4.645,3.303,2.887,0.0
p232_050.wav,1.733,,11.141,2.307,0.802,1.962,,3.232,2.829,3.263,3.688,3.857,4.157,3.808,4.737,3.499,2.94,0.0
p232_051.wav,1.476,,6.079,-6.666,0.733,1.657,,2.898,2.549,3.491,2.736,3.826,3.988,3.616,4.266,3.835,2.617,0.0
p232_052.wav,2.199,,1.477,-8.87,0.47,1.176,,2.367,1.202,1.57,1.251,2.938,2.29,3.033,3.2,2.584,1.921,0.429
p232_053.wav,1.644,,15.508,5.365,0.806,2.524,,3.455,2.999,3.504,3.632,3.821,4.228,3.478,4.654,3.968,3.295,0.0
p232_054.wav,3.706,,12.945,6.153,0.96,2.608,3.31,3.703,3.116,3.618,3.651,3.143,3.823,3.917,4.503,3.374,2.995,0.0
p232_055.wav,1.526,,5.651,-5.363,0.728,1.944,,3.215,2.787,3.508,3.17,3.52,2.788,3.498,3.729,2.851,2.513,0.0
p232_056.wav,1.803,,0.84,-10.46,0.55,1.297,,2.439,1.136,1.429,1.315,2.957,3.816,3.437,3.665,2.702,2.058,0.0
p232_057.wav,2.236,,16.041,7.661,0.93,3.153,4.26,3.654,3.07,3.348,4.05,3.764,3.615,3.559,4.072,3.255,2.984,0.0
p232_058.wav,3.899,,11.728,7.887,0.946,3.498,3.91,4.051,3.15,3.53,3.84,4.314,4.283,3.468,4.203,4.075,3.662,0.0
p232_059.wav,1.32,,4.73,-6.787,0.711,2.382,,3.159,2.985,3.38,3.901,3.745,2.712,3.324,3.207,2.965,2.899,0.0
p232_060.wav,2.34,,0.113,-10.74,0.737,2.737,3.77,3.052,2.77,3.206,3.7,2.986,2.79,3.011,3.409,2.595,2.333,0.0
p232_061.wav,3.249,,17.081,9.924,0.969,3.199,3.8,3.922,3.292,3.609,3.97,4.356,3.638,3.855,4.552,3.668,3.438,0.111
p232_062.wav,2.964,,14.15,6.957,0.935,2.601,3.53,3.321,2.698,3.465,2.95,3.313,4.378,3.856,3.933,4.091,3.072,0.111
p232_063.wav,2.264,,5.817,-3.575,0.909,2.106,3.63,3.213,2.882,3.57,3.295,3.357,3.474,3.604,3.66,2.698,2.253,0.2
p232_064.wav,2.01,,1.31,-10.258,0.773,1.427,,3.008,2.523,3.418,2.826,2.736,2.848,3.461,3.531,3.125,2.506,0.0
p232_065.wav,1.524,,21.075,10.336,0.871,2.935,,3.389,2.793,3.018,4.039,3.734,4.492,3.261,4.574,3.453,3.294,0.0
p232_066.wav,3.277,,12.066,6.286,0.945,3.135,4.28,3.754,2.925,3.312,3.766,3.807,4.573,3.544,4.435,3.879,3.28,0.0
p232_067.wav,2.617,,6.768,-0.559,0.93,3.14,3.48,3.64,3.134,3.442,3.993,4.21,3.94,3.683,4.103,3.447,3.161,0.0
p232_068.wav,2.522,,1.8,-2.774,0.926,2.777,3.33,3.681,2.852,3.471,3.333,2.998,4.433,4.243,3.986,3.0,2.523,0.0
p232_069.wav,2.669,,17.172,9.8,0.954,2.747,3.54,3.788,3.16,3.574,3.829,3.915,3.982,4.244,4.171,3.634,3.302,0.143
p232_070.wav,2.544,,11.579,4.647,0.869,2.223,3.08,3.623,3.015,3.524,3.584,3.696,2.812,3.875,3.679,3.441,3.302,0.25
p232_071.wav,2.589,,6.239,-1.81,0.612,1.555,2.59,2.795,2.519,3.569,2.551,3.508,3.273,3.541,4.079,2.868,2.385,0.143
p232_072.wav,1.987,,1.248,-7.068,0.561,1.236,,2.829,1.579,2.372,1.789,3.113,3.681,3.414,4.104,2.628,1.854,0.0
p232_073.wav,1.908,,17.661,5.312,0.974,2.434,,3.71,3.192,3.488,4.019,4.438,3.878,3.603,4.238,3.831,3.588,0.0
p232_074.wav,2.21,,12.446,1.934,0.814,2.254,2.67,3.029,3.08,3.524,3.752,3.573,3.963,3.264,3.841,3.152,2.27,0.2
p232_075.wav,2.346,,8.395,-0.827,0.877,1.861,2.71,3.637,3.064,3.481,3.791,4.524,3.168,3.955,4.115,3.489,2.863,0.0
p232_076.wav,1.927,,1.636,-8.023,0.566,1.32,,2.664,1.308,1.675,1.213,3.417,3.791,3.822,3.907,3.245,2.895,0.25
p232_077.wav,1.742,,15.181,4.936,0.851,3.474,,3.465,3.001,3.313,3.956,3.856,3.279,3.864,3.719,3.862,3.572,0.0
p232_078.wav,2.261,,11.048,3.495,0.992,3.517,4.32,3.748,3.182,3.54,3.963,4.486,3.782,3.443,4.648,3.85,3.567,0.0
p232_079.wav,2.394,,5.912,-1.212,0.899,2.976,3.74,3.769,2.97,3.506,3.553,4.646,4.544,4.075,3.957,3.815,3.371,0.0
p232_080.wav,2.08,,-0.73,-12.62,0.762,1.623,,2.662,2.49,3.178,3.133,3.293,3.004,3.622,4.009,2.93,2.437,0.0
p232_081.wav,1.885,,16.729,9.765,0.875,2.818,,3.647,3.077,3.558,3.707,3.317,3.576,3.33,4.222,3.257,2.92,0.4
p232_082.wav,1.559,,11.741,-0.149,0.685,2.018,,2.943,2.513,3.433,2.814,2.943,3.877,3.587,3.983,3.556,2.572,0.0
p232_083.wav,1.661,,5.507,-3.134,0.843,2.132,,3.185,2.719,3.548,2.997,2.929,3.101,3.335,4.216,2.849,2.04,0.0
p232_084.wav,1.391,,-0.295,-9.773,0.668,1.241,,2.783,2.438,3.431,2.614,2.524,2.742,3.318,4.22,2.602,1.806,0.0
p232_085.wav,2.067,,15.993,7.447,0.986,3.836,,3.619,3.152,3.466,3.976,3.727,3.936,3.837,4.106,3.874,3.426,0.0
p232_086.wav,1.968,,11.523,4.736,0.947,3.299,,3.841,3.305,3.567,4.109,4.359,3.472,3.962,4.12,3.713,3.462,0.0
p232_087.wav,1.978,,5.779,-2.732,0.884,3.479,,3.802,3.214,3.615,3.911,3.779,3.129,4.137,3.615,3.577,3.055,0.0
p232_088.wav,2.924,,1.604,-4.462,0.879,2.566,3.83,3.794,2.768,3.431,3.296,4.07,4.539,4.103,4.401,3.637,3.305,0.0
p232_089.wav,2.234,,18.26,9.621,0.856,2.501,3.71,3.563,2.974,3.596,3.385,3.304,3.327,3.887,4.06,3.401,3.08,0.0
p232_090.wav,3.943,,11.771,4.794,0.928,2.513,3.76,3.733,3.179,3.522,3.92,4.242,3.984,4.648,4.671,3.396,3.229,0.0
p232_091.wav,1.563,,5.342,-5.057,0.707,1.521,,2.862,1.468,2.189,1.502,3.131,3.59,3.389,4.001,2.821,2.055,0.0
p232_092.wav,1.968,,0.709,-9.375,0.685,1.599,,2.842,2.503,3.404,2.725,3.089,4.055,3.449,4.05,3.122,2.169,0.0
p232_093.wav,2.221,,17.661,9.016,0.892,2.794,4.18,3.474,3.124,3.678,3.578,3.762,4.239,3.847,4.39,3.399,2.981,0.0
p232_094.wav,2.816,,13.636,5.656,0.901,2.207,3.02,3.752,2.805,3.237,3.643,3.288,4.131,3.972,4.341,3.344,2.597,0.0
p232_095.wav,3.574,,8.308,2.489,0.74,1.154,1.77,2.719,2.516,3.607,2.58,3.169,3.379,3.448,3.946,2.355,1.722,0.0
p232_096.wav,1.678,,0.814,-11.063,0.552,1.149,,2.541,1.883,2.74,1.955,2.858,2.89,2.818,4.27,2.462,2.105,0.0
p232_097.wav,2.705,,16.629,9.49,0.969,2.883,4.04,3.869,3.326,3.608,4.035,4.013,4.235,3.61,4.421,3.838,3.472,0.0
p232_098.wav,2.385,,11.099,2.748,0.89,2.247,2.66,3.437,3.357,3.631,4.074,3.912,3.154,3.777,4.287,3.256,2.604,0.0
p232_099.wav,2.765,,6.375,0.05,0.971,3.139,3.93,3.668,3.118,3.631,3.614,4.078,4.199,3.695,4.499,4.094,3.711,0.0
p232_100.wav,1.6,,0.33,-9.363,0.787,2.27,,2.769,2.402,3.127,2.992,2.817,3.22,3.084,4.091,2.687,2.193,0.0
p232_101.wav,1.946,,18.006,7.702,0.947,2.747,,3.626,3.181,3.55,3.891,3.836,3.995,3.222,4.402,3.771,2.587,0.0
p232_102.wav,1.894,,10.861,2.348,0.857,2.556,,3.523,3.065,3.377,3.978,4.192,3.822,3.94,4.449,3.765,3.461,0.0
p232_103.wav,3.547,,7.76,1.478,0.89,2.092,2.85,3.396,2.803,3.578,3.148,3.321,3.505,3.79,4.229,3.222,2.457,0.0
p232_104.wav,3.92,,1.396,-6.569,0.789,1.424,2.44,3.172,2.53,3.482,2.748,3.149,2.572,3.661,3.248,2.59,2.047,0.0
p232_105.wav,1.757,,16.757,9.677,0.936,3.419,,3.595,3.283,3.529,4.128,3.334,4.27,3.581,4.213,3.699,3.467,0.0
p232_106.wav,2.388,,11.695,5.775,0.962,3.677,4.64,3.819,3.152,3.528,3.884,4.017,4.017,3.648,4.059,3.484,3.249,0.0
p232_107.wav,2.642,,6.787,-0.756,0.939,3.359,4.33,3.639,3.095,3.565,3.692,3.941,3.392,3.719,4.372,3.45,3.014,0.0
p232_108.wav,1.682,,0.535,-12.025,0.822,2.297,,3.234,3.01,3.534,3.716,3.314,2.893,2.746,4.183,2.909,2.352,0.0
p232_109.wav,3.492,,16.91,10.596,0.938,2.859,4.19,3.917,3.384,3.639,4.107,4.348,4.256,3.899,4.625,3.681,3.488,0.0
p232_110.wav,2.035,,12.494,2.234,0.774,1.537,,2.889,2.303,3.566,2.158,3.33,3.301,3.774,3.723,3.266,2.225,0.0
p232_112.wav,1.644,,5.485,-2.88,0.798,2.254,,3.227,2.5,3.192,3.102,3.224,3.854,3.493,4.369,2.96,2.566,0.2
p232_113.wav,1.368,,0.051,-12.097,0.352,1.297,,2.533,1.555,2.474,1.575,2.782,2.769,2.821,3.305,2.935,2.126,0.0
p232_114.wav,3.196,,18.088,11.107,0.927,2.203,3.47,3.409,3.071,3.557,3.625,3.011,4.37,3.715,4.561,3.226,2.873,0.083
p232_115.wav,2.745,,12.549,5.044,0.859,2.113,2.86,3.1,2.597,3.288,3.191,3.838,4.216,4.011,4.3,3.747,3.133,0.0
p232_116.wav,1.983,,7.442,-2.539,0.797,1.615,,3.243,2.891,3.358,3.642,3.431,4.09,3.138,3.595,2.753,1.932,0.0
p232_117.wav,3.473,,2.462,-4.476,0.706,1.194,2.32,2.866,2.076,3.11,2.181,3.007,3.485,2.916,3.637,3.141,2.662,0.167
p232_118.wav,3.134,,16.382,8.877,0.967,3.411,4.62,3.88,3.378,3.636,4.112,4.22,3.471,4.378,4.334,3.855,3.569,0.0
p232_119.wav,3.168,,11.283,4.143,0.894,2.929,4.4,3.903,3.134,3.48,3.911,3.994,3.98,3.926,4.837,3.47,3.014,0.0
p232_120.wav,1.463,,4.95,-4.341,0.811,2.989,,3.657,2.859,3.35,3.624,4.256,2.867,3.968,3.647,3.231,2.964,0.0
p232_121.wav,3.065,,1.47,-2.06,0.927,1.469,3.56,3.661,2.869,3.597,3.135,2.942,3.775,3.621,3.794,3.091,2.644,0.091
p232_123.wav,3.707,,17.294,10.197,0.956,3.206,3.83,3.858,3.269,3.566,4.028,4.238,3.711,4.258,4.76,3.417,3.161,0.0
p232_124.wav,1.491,,10.262,-0.127,0.786,2.458,,3.45,2.963,3.546,3.449,3.853,3.898,3.36,3.99,3.224,2.784,0.0
p232_125.wav,1.608,,5.408,-5.036,0.691,1.982,,3.072,2.81,3.562,3.215,3.464,3.008,3.384,4.071,3.133,2.936,0.0
p232_126.wav,2.114,,1.547,-7.138,0.775,1.542,,3.061,2.61,3.58,2.803,3.638,3.213,3.655,3.352,3.061,2.518,0.0
p232_127.wav,1.974,,15.709,5.852,0.978,3.736,,3.594,2.898,3.21,3.934,3.847,3.417,3.801,3.848,3.313,2.998,0.0
p232_128.wav,2.962,,19.017,9.251,0.943,2.127,3.14,3.431,2.559,3.226,3.101,3.847,3.981,3.719,4.756,3.456,3.033,0.0
p232_129.wav,3.562,,6.647,3.765,0.959,3.153,3.91,3.75,3.16,3.513,3.901,3.935,3.537,3.365,4.159,3.418,3.046,0.091
p232_130.wav,2.465,,1.475,-7.732,0.896,2.377,3.23,3.419,2.987,3.625,3.399,4.118,3.789,3.927,3.655,3.27,2.173,0.333
p232_131.wav,3.054,,16.704,9.081,0.955,2.856,3.87,3.84,3.261,3.597,3.983,4.062,3.858,4.28,4.14,3.478,3.193,0.0
p232_132.wav,1.853,,12.204,4.154,0.748,2.33,,2.848,2.702,3.495,3.057,3.932,3.434,4.133,4.571,2.758,2.4,0.0
p232_133.wav,2.44,,7.181,-1.7,0.657,1.332,2.33,2.878,2.459,3.531,2.585,3.625,2.894,3.453,3.89,3.25,2.418,0.0
p232_134.wav,1.804,,0.489,-11.864,0.493,1.258,,2.702,1.344,1.888,1.388,3.324,3.008,3.556,3.512,2.981,2.528,0.2
p232_135.wav,1.984,,16.747,6.501,0.876,2.49,,4.007,3.172,3.452,4.035,3.712,3.875,3.09,4.556,3.381,2.988,0.0
p232_136.wav,1.738,,10.464,-3.194,0.554,1.604,,3.241,1.681,2.09,1.735,2.491,4.232,3.289,4.021,3.022,2.801,0.0
p232_137.wav,1.619,,5.789,-5.439,0.82,2.227,,3.309,2.973,3.527,3.554,3.115,2.675,3.667,4.101,2.627,2.211,0.0
p232_138.wav,1.574,,0.419,-8.264,0.604,1.663,,2.485,2.458,3.423,2.663,2.76,3.543,3.041,4.189,2.87,2.191,0.0
p232_139.wav,2.186,,16.057,9.393,0.999,3.66,,3.875,3.24,3.494,4.099,4.228,4.2,3.905,4.282,4.093,3.65,0.0
p232_140.wav,1.586,,10.212,0.87,0.784,2.983,,3.703,2.566,3.142,3.305,2.968,3.536,3.606,3.397,2.989,2.868,0.0
p232_141.wav,1.736,,5.492,-0.43,0.78,2.608,,3.604,2.881,3.422,3.593,4.042,3.911,3.015,3.496,3.413,2.909,0.0
p232_142.wav,2.714,,1.812,-2.894,0.843,2.022,2.72,3.05,3.058,3.641,3.499,3.357,2.928,3.832,3.67,2.534,2.313,0.091
p232_143.wav,1.774,,17.839,6.833,0.876,3.138,,3.51,2.886,3.393,3.666,3.791,3.395,3.305,4.044,3.522,3.241,0.0
p232_144.wav,2.28,,11.271,3.643,0.915,2.549,3.7,3.605,2.931,3.432,3.625,3.432,3.7,3.566,4.294,3.462,3.08,0.0
p232_145.wav,2.65,,6.263,-0.89,0.717,1.714,2.74,2.982,2.346,3.379,2.526,3.22,3.205,3.272,3.603,2.888,2.622,0.0
p232_146.wav,2.041,,0.938,-6.969,0.764,2.139,,2.92,2.71,3.495,3.055,3.019,2.915,3.361,3.655,3.023,2.357,0.0
p232_147.wav,2.725,,16.398,11.022,0.97,3.943,4.75,4.029,3.2,3.503,4.014,4.178,4.122,3.454,4.426,4.208,3.818,0.0
p232_148.wav,3.873,,11.981,6.201,0.996,3.33,4.24,3.675,3.231,3.547,3.98,3.941,4.362,3.839,4.585,3.878,3.55,0.091
p232_150.wav,2.105,,5.908,-2.481,0.949,3.225,,3.551,3.188,3.57,3.938,3.889,4.298,4.492,4.232,3.493,3.227,0.0
p232_151.wav,2.727,,1.384,-7.19,0.935,1.826,2.05,3.351,2.978,3.542,3.589,3.128,3.556,3.302,3.406,2.996,2.803,0.0
p232_152.wav,1.866,,16.975,5.983,0.893,2.486,,3.661,2.934,3.327,3.761,3.53,3.741,3.835,3.941,3.2,2.869,0.0
p232_153.wav,1.932,,11.823,0.762,0.783,2.19,,3.055,2.531,3.519,2.664,4.263,3.889,3.0,4.163,3.367,2.607,0.0
p232_154.wav,2.341,,7.1,-3.436,0.657,1.278,2.14,2.992,2.27,3.442,2.282,3.646,2.629,3.733,4.011,2.714,1.931,0.667
p232_155.wav,2.551,,1.477,-6.942,0.536,1.16,1.86,2.677,1.842,3.027,1.816,3.715,3.6,3.407,3.413,2.912,1.807,0.667
p232_156.wav,2.057,,18.179,9.999,0.878,2.828,,3.78,2.991,3.373,3.803,3.992,4.299,4.136,4.212,3.315,3.037,0.0
p232_158.wav,2.682,,12.615,4.977,0.865,1.745,2.3,3.164,2.989,3.723,3.408,3.618,4.037,3.319,3.947,2.847,2.465,0.2
p232_159.wav,1.876,,7.684,-2.194,0.948,1.917,,3.115,3.073,3.411,3.94,3.637,3.686,4.079,4.548,3.245,2.718,0.0
p232_160.wav,3.942,,3.125,-3.771,0.638,1.116,1.53,2.686,1.794,2.929,1.762,2.902,3.288,3.517,3.709,2.409,1.671,0.1
p232_161.wav,2.722,,16.387,9.567,0.958,3.494,3.71,3.826,3.128,3.568,3.731,4.328,4.281,3.489,4.502,4.23,3.423,0.0
p232_162.wav,1.596,,10.199,-0.74,0.897,1.689,,4.008,2.981,3.358,3.839,3.804,4.138,3.265,4.341,3.566,3.276,0.5
p232_163.wav,2.163,,6.012,-2.235,0.893,2.904,,3.358,3.053,3.421,3.893,4.191,2.976,3.368,3.826,3.937,3.286,0.0
p232_164.wav,2.469,,1.227,-6.618,0.822,1.983,2.97,3.133,2.76,3.314,3.425,3.571,3.003,3.392,3.507,2.971,2.277,0.125
p232_165.wav,1.749,,18.669,9.04,0.919,2.993,,3.481,3.149,3.454,4.008,4.179,3.349,3.867,3.844,3.559,3.195,0.0
p232_167.wav,2.683,,11.481,5.817,0.987,3.135,4.05,3.992,3.036,3.507,3.658,4.24,4.036,4.063,3.884,3.894,3.53,0.0
p232_169.wav,3.388,,6.757,1.419,0.939,2.08,3.36,3.6,3.02,3.668,3.385,3.741,3.648,3.524,4.124,3.583,3.336,0.077
p232_170.wav,2.093,,0.712,-7.332,0.538,1.368,,2.956,2.522,3.558,2.565,2.959,3.214,3.488,3.633,2.573,1.911,0.0
p232_171.wav,2.014,,15.775,4.792,0.946,3.113,,3.705,3.231,3.534,4.021,3.385,4.511,3.719,4.403,3.982,3.556,0.0
p232_172.wav,2.02,,10.841,2.946,0.951,3.621,,3.629,2.883,3.332,3.68,4.602,3.631,3.374,4.015,3.5,3.177,0.0
p232_173.wav,2.145,,6.045,-5.364,0.864,2.792,,3.522,2.921,3.388,3.734,3.995,3.973,4.181,4.081,3.266,2.973,0.0
p232_174.wav,2.155,,1.074,-9.898,0.792,1.758,,2.933,2.563,3.476,2.808,3.106,3.183,3.344,4.055,2.635,1.768,0.0
p232_175.wav,3.126,,16.823,10.406,0.956,2.698,3.71,3.691,3.341,3.658,3.999,3.75,3.928,4.053,4.789,3.29,2.932,0.0
p232_176.wav,2.77,,13.2,3.539,0.848,1.797,2.63,3.273,3.311,3.641,4.01,3.492,3.448,3.522,3.747,3.111,2.465,0.0
p232_177.wav,2.22,,6.464,-7.115,0.586,1.423,2.24,2.655,2.202,3.384,2.242,2.986,3.431,3.193,3.715,2.938,2.117,0.4
p232_178.wav,2.009,,1.283,-6.972,0.608,1.332,,3.064,2.487,3.454,2.732,2.933,3.586,3.28,3.785,2.819,2.221,0.286
p232_179.wav,3.441,,18.17,9.88,0.958,2.576,3.35,3.712,3.296,3.569,4.063,3.056,4.52,4.478,4.766,3.519,3.109,0.1
p232_180.wav,3.25,,14.58,6.811,0.946,2.825,4.04,3.743,3.273,3.588,3.983,4.051,3.766,4.461,4.445,3.601,3.161,0.0
p232_181.wav,1.824,,5.821,-5.553,0.804,1.833,,3.011,2.796,3.7,2.965,3.194,3.545,3.148,4.109,2.777,2.388,0.0
p232_182.wav,2.512,,1.652,-8.765,0.703,1.387,2.6,3.05,1.926,2.863,1.895,2.874,2.851,3.29,3.517,2.303,1.612,0.083
p232_183.wav,2.154,,14.931,3.807,0.903,3.178,,3.61,3.045,3.358,3.956,3.817,4.181,3.476,4.39,3.962,3.757,0.0
p232_184.wav,2.134,,10.948,4.119,0.934,2.79,,3.551,3.079,3.573,3.688,4.425,4.565,4.337,4.154,3.707,3.42,0.143
p232_185.wav,2.856,,6.365,-0.022,0.96,2.558,3.47,3.939,2.948,3.587,3.414,2.903,3.254,3.538,4.516,2.716,2.614,0.0
p232_186.wav,1.913,,0.379,-11.945,0.647,1.43,,2.841,2.581,3.423,2.807,2.87,3.428,3.28,3.514,2.588,2.183,0.0
p232_187.wav,1.375,,17.415,4.531,0.671,2.258,,3.278,3.023,3.453,3.798,3.09,3.693,2.973,4.345,3.371,2.744,0.0
p232_188.wav,3.83,,11.457,3.525,0.844,2.602,3.35,3.523,2.93,3.481,3.51,2.691,3.094,3.347,3.712,2.676,2.39,0.091
p232_189.wav,2.553,,7.397,-1.027,0.81,2.301,3.38,3.405,2.867,3.598,3.253,3.406,3.016,4.014,3.824,2.815,2.37,0.0
p232_190.wav,1.952,,1.427,-7.684,0.87,1.824,,2.936,2.402,3.24,2.789,2.98,4.113,3.377,4.2,2.987,2.702,0.0
p232_191.wav,1.916,,25.316,12.186,0.927,3.222,,3.704,3.177,3.48,3.976,3.414,4.269,4.21,4.596,3.513,2.951,0.0
p232_193.wav,2.418,,23.485,14.217,0.929,2.913,3.58,3.616,3.101,3.591,3.569,4.081,4.331,3.856,4.23,3.831,3.483,0.0
p232_194.wav,3.431,,6.684,-0.868,0.943,2.739,3.47,3.79,2.965,3.576,3.45,3.812,4.243,3.856,4.037,3.433,2.939,0.0
p232_195.wav,2.347,,1.125,-7.287,0.938,3.164,4.22,3.552,2.893,3.462,3.459,3.807,3.863,4.058,3.928,3.13,2.997,0.0
p232_196.wav,2.23,,15.522,7.077,0.941,2.964,3.91,3.604,2.963,3.307,3.888,3.546,3.197,3.995,3.97,3.215,2.93,0.0
p232_197.wav,3.782,,11.919,6.726,0.955,2.762,3.66,3.915,3.081,3.528,3.708,4.124,4.352,4.457,4.687,3.797,3.409,0.083
p232_198.wav,2.332,,6.443,-4.899,0.875,1.76,2.99,3.28,2.628,3.578,2.835,3.399,3.666,3.434,4.114,2.922,2.633,0.0
p232_199.wav,2.398,,1.803,-6.384,0.724,1.241,2.21,2.726,2.283,3.195,2.58,3.049,2.786,3.194,3.12,2.846,2.226,0.5
p232_200.wav,3.51,,17.598,10.326,0.942,2.659,4.03,3.678,3.043,3.437,3.789,4.03,4.396,4.189,4.91,4.143,3.678,0.0
p232_201.wav,2.702,,13.363,5.788,0.971,2.637,3.78,3.306,2.865,3.41,3.513,2.599,3.988,4.22,4.825,3.568,2.713,0.0
p232_202.wav,3.025,,7.045,-0.384,0.811,1.631,2.63,3.127,2.913,3.699,3.123,3.374,2.819,3.63,3.522,2.45,2.104,0.182
p232_203.wav,2.013,,1.87,-8.247,0.512,1.119,,2.595,1.687,2.773,1.627,2.992,3.018,3.342,3.484,2.551,1.665,0.4
p232_204.wav,3.406,,16.563,9.517,0.992,3.767,4.45,3.871,3.187,3.498,4.001,3.643,4.417,4.016,4.566,3.925,3.419,0.0
p232_205.wav,1.84,,10.577,1.852,0.944,3.756,,3.567,3.11,3.474,3.923,3.596,4.088,3.911,4.367,3.46,3.217,0.0
p232_206.wav,2.705,,6.337,-0.714,0.932,2.724,3.82,3.347,2.849,3.265,3.726,2.776,3.232,3.155,3.849,2.95,2.724,0.0
p232_207.wav,1.585,,0.282,-9.084,0.711,1.762,,3.022,2.858,3.426,3.479,2.599,3.157,2.919,3.697,2.644,2.003,0.0
p232_208.wav,1.349,,17.944,7.744,0.762,3.107,,3.484,2.717,3.373,3.257,4.373,4.41,3.46,4.818,3.744,3.188,0.2
p232_209.wav,1.437,,10.351,0.828,0.747,2.521,,3.601,2.661,3.414,3.146,4.081,3.321,3.477,2.894,3.166,2.887,0.0
p232_210.wav,1.529,,5.269,-3.06,0.786,2.316,,3.655,2.541,3.382,2.932,3.299,4.143,3.313,3.686,3.031,2.218,0.0
p232_211.wav,1.406,,-0.381,-15.016,0.532,1.303,,2.907,2.634,3.393,3.076,3.966,2.514,2.914,3.575,2.818,1.779,1.0
p232_213.wav,2.373,,14.895,4.163,0.888,3.719,4.63,3.829,3.186,3.536,3.937,4.142,3.208,3.86,4.258,4.188,3.728,0.0
p232_214.wav,1.931,,10.882,-0.318,0.954,2.649,,3.567,3.069,3.535,3.71,3.952,3.418,4.09,4.027,3.711,3.358,0.0
p232_215.wav,2.282,,5.665,-1.05,0.993,3.073,4.32,3.577,2.893,3.326,3.757,4.495,4.364,3.793,4.251,3.552,3.328,0.0
p232_216.wav,3.001,,2.078,-3.703,0.94,2.566,3.68,3.742,2.965,3.387,3.782,3.41,4.222,3.525,3.883,3.123,2.844,0.0
p232_217.wav,1.539,,15.475,7.63,0.711,2.871,,3.756,2.848,3.527,3.311,3.838,4.058,3.502,3.771,3.601,3.268,0.0
p232_218.wav,2.138,,10.933,3.973,0.799,2.102,,3.678,2.566,3.363,2.959,3.717,3.896,3.247,3.86,3.831,3.363,0.167
p232_219.wav,3.458,,7.211,2.02,0.876,2.137,3.03,3.686,3.094,3.712,3.43,4.297,4.019,4.261,4.465,3.585,2.632,0.0
p232_220.wav,3.662,,1.809,-3.114,0.851,1.455,2.74,3.455,3.006,3.608,3.468,3.66,3.577,3.72,4.145,3.259,2.564,0.0
p232_221.wav,3.317,,18.372,9.832,0.94,2.225,2.91,3.803,3.186,3.547,3.884,2.771,4.233,3.837,4.431,3.167,2.765,0.182
p232_223.wav,2.513,,11.119,-0.217,0.789,2.011,3.29,2.97,2.685,3.52,2.952,2.408,4.517,4.041,4.835,2.962,2.309,0.0
p232_224.wav,2.069,,8.441,-0.892,0.837,1.887,,3.173,3.011,3.356,3.912,3.747,3.89,4.029,4.281,3.393,2.931,0.0
p232_225.wav,1.673,,0.999,-11.218,0.582,1.299,,2.673,1.631,2.261,1.783,2.414,3.369,3.691,3.67,2.236,1.708,0.2
p232_226.wav,2.313,,16.116,7.9,0.937,3.413,4.44,3.881,3.311,3.612,4.025,3.817,3.955,3.869,4.129,4.003,3.35,0.0
p232_227.wav,3.246,,11.599,4.958,0.991,3.014,4.0,3.675,2.996,3.39,3.861,3.268,3.539,3.969,4.22,3.41,3.099,0.154
p232_228.wav,1.661,,5.439,-5.885,0.926,3.022,,3.454,2.664,3.249,3.412,4.011,3.243,4.003,3.909,3.352,2.903,0.0
p232_229.wav,1.875,,0.29,-8.389,0.922,2.634,,3.658,2.419,2.931,3.354,3.509,3.756,3.449,3.642,3.279,2.958,0.0
p232_230.wav,1.889,,19.711,9.569,0.839,2.35,,3.43,3.031,3.534,3.571,3.98,4.074,3.393,4.88,3.826,2.779,0.0
p232_231.wav,2.191,,11.62,1.243,0.962,2.705,,3.363,2.945,3.409,3.672,3.76,3.259,3.14,3.693,3.42,2.785,0.0
p232_232.wav,4.28,,7.299,-0.59,0.901,2.231,3.04,3.604,3.071,3.623,3.519,3.954,3.729,3.72,4.567,3.267,2.739,0.0
p232_234.wav,1.597,,0.331,-10.761,0.615,1.427,,3.288,2.462,3.291,2.85,3.812,3.339,3.256,3.766,3.079,2.695,0.0
p232_235.wav,3.959,,16.805,11.109,0.985,3.206,3.47,4.057,3.323,3.622,4.028,4.374,3.261,4.087,3.935,4.03,3.707,0.0
p232_236.wav,1.568,,10.088,-2.505,0.905,3.513,,2.806,3.04,3.378,3.962,3.828,4.008,4.15,4.686,3.495,3.27,0.0
p232_237.wav,2.822,,6.298,-1.339,0.987,3.295,4.07,4.066,3.108,3.524,3.812,3.766,4.034,3.634,3.932,3.959,3.602,0.0
p232_238.wav,2.352,,0.466,-7.806,0.998,3.544,4.59,3.608,2.998,3.447,3.807,3.755,3.527,3.67,4.198,3.611,3.323,0.0
p232_239.wav,1.861,,19.516,9.218,0.918,2.48,,3.593,3.214,3.591,3.842,3.345,4.237,3.486,4.544,3.963,3.444,0.0
p232_240.wav,3.302,,11.932,6.405,0.936,2.659,3.69,3.854,3.092,3.476,3.821,3.999,4.567,3.953,4.386,3.889,3.218,0.182
p232_241.wav,1.52,,6.353,-5.154,0.674,1.727,,2.986,2.641,3.428,3.035,3.672,3.793,3.378,4.114,3.251,2.64,0.0
p232_242.wav,1.723,,0.682,-12.714,0.469,1.274,,2.328,1.651,2.953,1.537,2.806,3.401,3.018,3.779,2.401,1.625,0.0
p232_243.wav,1.912,,16.486,7.084,0.952,3.078,,3.779,2.888,3.321,3.757,3.748,4.101,4.219,4.112,3.322,2.732,0.0
p232_244.wav,3.287,,14.398,6.523,0.952,2.63,3.61,3.625,3.055,3.535,3.684,3.463,4.652,4.043,4.365,3.683,3.369,0.0
p232_245.wav,2.138,,5.419,-7.526,0.669,1.736,,2.866,2.9,3.511,3.337,3.14,3.391,3.44,3.91,2.53,2.096,0.25
p232_246.wav,2.54,,1.242,-10.444,0.663,1.433,2.64,3.012,2.446,3.411,2.595,2.62,2.903,3.334,3.94,2.342,1.645,0.125
p232_247.wav,1.741,,15.285,4.337,0.896,3.383,,3.733,2.969,3.354,3.815,3.65,4.508,3.9,3.903,3.646,3.39,0.0
p232_248.wav,3.35,,11.917,7.422,0.943,3.124,4.24,3.605,3.16,3.491,3.944,3.811,3.1,3.722,3.826,3.466,3.068,0.0
p232_249.wav,2.885,,6.224,-1.732,0.982,2.435,3.8,3.747,2.948,3.438,3.69,4.052,3.775,3.914,4.348,4.028,3.536,0.143
p232_250.wav,2.827,,1.22,-5.328,0.888,2.343,3.61,3.818,2.916,3.544,3.417,3.242,3.328,4.102,3.691,2.543,2.182,0.0
p232_251.wav,3.337,,20.814,13.398,0.966,3.156,3.76,4.072,3.297,3.636,3.989,4.436,4.685,4.3,4.711,4.447,4.077,0.143
p232_252.wav,2.97,,11.464,2.138,0.908,2.834,3.93,3.544,3.085,3.521,3.774,3.729,3.411,4.206,4.274,3.845,3.389,0.0
p232_253.wav,3.028,,6.518,-0.742,0.811,1.661,2.68,3.214,2.834,3.627,3.16,3.175,3.836,3.061,3.664,2.902,2.5,0.0
p232_254.wav,2.84,,1.39,-5.873,0.803,1.523,2.83,3.153,2.773,3.492,3.206,2.57,2.684,3.694,3.568,2.745,2.156,0.0
p232_255.wav,2.752,,22.558,12.947,0.956,3.418,4.38,3.368,3.161,3.451,4.028,4.514,3.298,4.444,4.534,3.613,3.311,0.0
p232_256.wav,2.025,,10.992,3.409,0.913,3.253,,3.778,3.299,3.606,4.062,3.544,3.46,3.875,4.569,3.066,2.668,0.0
p232_257.wav,1.749,,15.427,7.683,0.946,2.668,,3.231,3.28,3.597,4.014,4.11,3.844,4.146,4.431,3.179,2.868,0.0
p232_258.wav,2.759,,1.439,-4.914,0.914,2.088,3.65,3.776,2.824,3.49,3.384,3.071,3.621,3.03,4.291,3.585,2.603,0.0
p232_259.wav,3.908,,17.041,10.527,0.982,3.185,4.02,3.847,3.069,3.377,3.93,4.27,3.53,4.723,4.5,3.406,3.215,0.0
p232_260.wav,2.857,,12.181,4.455,0.972,2.192,3.31,3.269,2.78,3.623,3.009,4.024,4.438,3.834,4.705,3.854,2.973,0.091
p232_261.wav,3.189,,8.167,0.62,0.763,1.43,2.43,3.041,2.467,3.509,2.55,3.271,3.114,3.526,3.733,2.957,1.988,0.167
p232_263.wav,2.928,,1.942,-5.246,0.604,1.195,1.78,2.581,2.063,3.192,2.067,2.801,3.41,3.479,3.615,2.807,1.997,0.5
p232_264.wav,3.163,,18.697,13.007,0.983,3.063,4.26,3.716,3.162,3.504,3.909,3.834,4.109,4.133,4.549,3.447,3.025,0.091
p232_265.wav,1.881,,12.348,2.623,0.907,2.355,,3.507,3.24,3.538,4.041,3.503,4.522,4.207,4.76,3.935,3.075,0.25
p232_266.wav,2.336,,6.38,-2.341,0.865,1.953,3.07,3.014,3.071,3.672,3.499,3.934,3.208,3.795,3.874,2.875,2.465,0.143
p232_267.wav,3.336,,2.831,-5.218,0.651,1.249,1.84,2.779,1.238,1.584,1.266,3.055,3.594,3.594,3.974,2.93,2.384,0.167
p232_268.wav,2.137,,15.944,8.583,0.961,3.843,,3.652,3.196,3.53,3.952,4.054,3.985,3.729,4.154,3.437,3.346,0.0
p232_269.wav,2.958,,11.712,7.374,0.953,3.332,4.22,3.746,3.155,3.577,3.799,3.69,4.9,4.423,4.698,4.067,3.567,0.0
p232_270.wav,3.015,,6.53,0.698,0.953,3.091,4.03,3.796,3.137,3.579,3.767,3.491,3.847,4.024,4.652,3.317,3.032,0.083
p232_271.wav,2.984,,1.606,-5.463,0.926,2.641,3.73,3.676,2.935,3.34,3.777,3.272,3.525,3.421,3.731,3.104,2.744,0.0
p232_272.wav,2.079,,16.742,12.788,0.883,3.445,,3.805,2.949,3.43,3.745,4.095,4.032,3.741,4.161,3.904,3.298,0.0
p232_273.wav,2.554,,11.489,2.532,0.908,2.421,3.21,3.843,2.917,3.489,3.459,3.943,3.696,3.712,4.376,3.853,3.514,0.0
p232_274.wav,3.011,,6.877,0.851,0.841,2.117,2.98,3.746,2.591,3.341,3.047,3.722,3.276,3.294,3.445,3.483,3.038,0.0
p232_275.wav,3.074,,1.669,-4.495,0.836,1.492,2.55,2.922,2.803,3.631,3.092,3.851,3.523,3.64,4.24,2.825,2.185,0.1
p232_276.wav,2.625,,16.381,7.617,0.984,3.65,4.3,3.791,3.232,3.611,3.87,4.287,3.86,4.174,4.585,4.136,3.752,0.0
p232_277.wav,3.045,,11.477,2.371,0.915,2.566,3.52,3.543,3.164,3.545,3.851,3.759,4.043,3.694,3.907,3.819,3.518,0.0
p232_278.wav,2.468,,5.554,-4.159,0.965,3.421,4.53,3.848,3.239,3.543,4.04,4.281,3.192,3.938,4.332,3.676,3.229,0.0
p232_279.wav,2.317,,1.213,-10.005,0.559,1.315,1.83,2.552,2.199,3.327,2.272,3.925,3.104,3.381,3.87,2.967,2.151,0.167
p232_280.wav,3.067,,19.216,9.818,0.867,2.212,2.67,3.663,3.102,3.652,3.502,4.059,3.85,4.472,4.515,3.338,2.919,0.0
p232_281.wav,1.844,,11.079,-2.121,0.618,1.691,,3.107,2.381,3.468,2.539,4.097,4.02,3.732,4.152,3.205,2.653,0.0
p232_282.wav,3.588,,6.779,5.109,0.928,2.652,3.6,3.73,3.124,3.609,3.663,3.799,3.812,3.796,4.145,3.587,2.86,0.182
p232_283.wav,1.801,,0.695,-11.876,0.452,1.279,,2.515,1.393,2.041,1.397,2.666,3.009,3.034,3.534,2.788,1.769,0.8
p232_284.wav,2.616,,18.855,8.859,0.986,2.984,3.79,3.711,3.304,3.571,4.076,3.723,4.376,4.023,4.672,3.543,3.178,0.0
p232_285.wav,2.182,,11.155,-0.482,0.773,2.201,,3.044,2.393,3.385,2.799,3.372,4.59,3.415,4.589,3.006,2.675,0.0
p232_286.wav,2.252,,6.063,-5.432,0.716,1.603,2.68,2.733,2.491,3.441,2.692,3.222,3.773,3.431,3.827,2.913,2.663,0.0
p232_287.wav,2.156,,1.367,-9.565,0.639,1.374,,2.565,2.416,3.426,2.58,2.805,3.405,3.23,3.821,2.85,2.379,0.0
p232_288.wav,1.678,,15.467,5.255,0.964,3.631,,3.311,2.981,3.385,3.765,4.461,3.98,3.549,4.093,3.193,2.876,0.0
p232_289.wav,3.27,,11.498,6.436,0.997,3.702,4.54,3.64,3.344,3.645,4.089,4.132,4.218,3.891,4.64,3.416,3.219,0.0
p232_290.wav,1.873,,4.801,-7.744,0.94,3.059,,3.54,2.863,3.441,3.482,4.139,2.92,3.906,4.412,3.584,2.951,0.0
p232_291.wav,2.286,,0.569,-8.98,0.979,2.565,3.18,3.592,3.032,3.448,3.871,3.715,4.139,3.498,4.179,3.778,3.373,0.0
p232_292.wav,2.49,,17.161,6.76,0.973,2.816,4.35,3.569,3.301,3.602,4.043,3.784,4.348,3.676,4.296,3.403,3.246,0.0
p232_293.wav,3.414,,12.546,5.432,0.9,2.387,3.12,3.365,2.854,3.441,3.409,3.91,3.548,4.213,4.605,3.381,2.582,0.0
p232_294.wav,3.487,,8.079,2.838,0.883,2.385,3.16,3.829,3.204,3.602,3.838,3.881,4.177,4.276,3.95,3.53,3.126,0.0
p232_295.wav,3.077,,1.635,-5.003,0.693,1.382,2.6,3.011,2.439,3.41,2.679,3.425,3.428,3.51,3.649,3.108,1.898,0.5
p232_296.wav,2.172,,25.066,15.6,0.92,2.955,,3.606,3.258,3.62,3.887,3.483,4.594,3.779,4.638,3.803,3.488,0.2
p232_297.wav,2.164,,10.997,2.468,0.91,3.464,,3.578,3.246,3.545,4.032,4.37,2.911,3.673,3.283,3.601,3.312,0.0
p232_298.wav,1.6,,5.262,-7.586,0.858,2.41,,3.129,2.826,3.384,3.51,3.599,2.984,3.273,3.35,2.789,2.822,0.0
p232_299.wav,1.694,,0.329,-10.492,0.823,2.811,,3.812,2.982,3.523,3.567,4.432,3.647,3.76,4.112,3.003,2.875,0.333
p232_300.wav,1.532,,16.669,2.825,0.811,2.863,,3.547,3.044,3.5,3.627,3.392,3.667,3.868,4.078,3.279,2.788,0.0
p232_301.wav,2.381,,11.435,1.969,0.922,2.537,3.55,3.525,3.005,3.536,3.579,2.96,3.745,3.989,4.658,3.426,2.973,0.0
p232_302.wav,1.698,,5.846,-5.934,0.496,1.326,,2.778,1.218,1.429,1.171,2.933,3.66,3.143,3.957,3.233,2.054,0.333
p232_303.wav,3.673,,2.092,-5.899,0.586,1.195,1.65,2.848,1.653,2.678,1.656,2.727,3.245,3.353,3.499,2.78,1.909,0.25
p232_305.wav,1.455,,16.587,4.045,0.774,2.21,,2.465,2.46,3.517,2.648,3.282,4.382,3.101,4.401,3.131,2.755,0.0
p232_306.wav,1.796,,13.101,1.571,0.724,1.674,,2.964,2.446,3.329,2.845,3.387,3.577,3.621,4.233,2.808,2.501,0.0
p232_307.wav,3.913,,8.346,-0.233,0.74,1.222,1.87,2.738,1.633,2.553,1.556,3.263,3.064,3.914,3.831,2.682,1.936,0.083
p232_308.wav,2.075,,0.865,-10.337,0.545,1.437,,2.517,2.022,3.177,2.063,2.768,3.535,3.073,3.319,2.516,1.9,0.167
p232_309.wav,2.476,,16.345,10.157,0.962,3.78,4.38,3.796,3.254,3.527,4.095,4.362,4.066,3.952,4.589,4.162,3.735,0.0
p232_310.wav,1.452,,10.109,0.929,0.849,2.747,,3.521,3.014,3.404,3.819,4.475,3.544,4.082,3.685,3.917,3.692,0.0
p232_311.wav,2.023,,5.694,-1.754,0.933,2.915,,3.555,3.068,3.471,3.842,4.228,4.076,3.854,4.544,3.268,3.027,0.0
p232_312.wav,2.771,,1.369,-3.656,0.92,2.216,3.26,3.287,2.723,3.363,3.374,2.774,4.244,3.69,4.427,3.115,2.518,0.0
p232_313.wav,2.126,,17.978,8.428,0.932,3.115,,3.76,3.126,3.452,3.94,4.003,4.412,4.088,4.31,4.021,3.397,0.0
p232_314.wav,1.78,,11.65,0.325,0.821,2.055,,3.267,2.798,3.31,3.508,2.764,3.081,3.272,4.239,2.993,2.503,0.0
p232_315.wav,1.539,,5.179,-6.76,0.717,2.09,,3.413,2.767,3.459,3.203,2.891,2.933,3.465,4.071,2.938,2.597,0.0
p232_316.wav,1.632,,0.62,-10.671,0.44,1.166,,2.804,2.44,3.383,2.709,3.576,2.479,2.934,3.496,2.657,1.964,0.0
p232_317.wav,2.405,,16.053,6.398,0.981,3.593,3.97,3.803,3.139,3.52,3.807,4.243,4.65,3.803,4.429,4.361,3.952,0.0
p232_318.wav,2.391,,11.862,6.634,0.99,3.349,4.4,3.915,2.976,3.363,3.876,3.822,4.091,3.962,4.692,3.712,3.185,0.0
p232_319.wav,2.472,,6.286,0.782,0.955,3.383,4.27,3.53,3.053,3.509,3.708,4.611,4.613,3.739,4.37,4.029,3.703,0.0
p232_320.wav,1.981,,0.875,-5.933,0.841,2.177,,3.731,2.918,3.457,3.544,3.962,3.482,3.67,4.554,3.08,2.682,0.2
p232_321.wav,2.558,,16.54,9.696,0.972,3.01,4.1,3.715,3.238,3.561,3.953,3.938,3.986,4.095,4.039,3.638,3.297,0.0
p232_322.wav,2.669,,11.876,2.146,0.851,1.902,2.49,3.618,2.834,3.35,3.57,3.675,2.228,3.907,3.885,3.066,2.54,0.0
p232_323.wav,2.122,,6.886,-1.291,0.724,1.447,,2.807,2.408,3.45,2.559,2.767,3.861,3.647,3.779,3.137,2.708,0.0
p232_324.wav,2.559,,1.718,-2.892,0.838,1.543,2.47,3.016,2.525,3.463,2.828,3.545,3.37,3.639,3.421,3.032,2.183,0.333
p232_325.wav,1.757,,16.25,3.572,0.915,2.207,,3.156,2.937,3.336,3.737,3.154,2.526,3.918,4.464,2.655,2.444,0.25
p232_326.wav,1.651,,10.778,-0.576,0.721,2.009,,2.752,2.522,3.58,2.581,3.394,3.827,3.989,3.579,3.16,2.761,0.0
p232_327.wav,2.383,,6.72,-1.554,0.925,2.007,3.07,3.188,3.033,3.63,3.491,3.72,3.345,3.247,3.595,3.26,2.594,0.0
p232_328.wav,2.655,,2.544,-6.313,0.614,1.312,1.96,2.811,1.36,2.096,1.387,3.22,3.404,3.194,3.232,2.899,1.964,0.667
p232_329.wav,1.99,,15.809,6.266,0.986,3.299,,3.514,3.053,3.389,3.9,4.499,3.063,3.264,4.063,3.719,3.342,0.0
p232_330.wav,2.213,,10.385,-0.052,0.883,2.785,3.73,3.734,2.93,3.277,3.882,4.198,2.788,3.768,4.482,3.38,3.282,0.0
p232_331.wav,2.291,,5.891,13.155,0.943,2.969,4.39,3.73,3.017,3.371,3.888,3.869,3.9,3.814,4.383,3.984,3.693,0.0
p232_332.wav,2.144,,0.638,-8.687,0.974,2.401,,3.635,2.878,3.513,3.356,2.937,3.917,3.45,4.15,3.703,3.199,0.0
p232_333.wav,1.995,,15.787,5.649,0.874,3.159,,3.495,2.984,3.351,3.833,4.54,3.229,3.378,3.987,3.697,3.386,0.0
p232_334.wav,3.08,,12.038,5.513,0.965,2.544,3.72,3.516,2.951,3.538,3.43,4.348,3.769,3.382,4.44,4.002,3.418,0.0
p232_335.wav,2.092,,6.091,-3.584,0.792,1.652,,2.777,2.762,3.65,2.984,2.83,3.788,3.248,4.254,2.746,2.259,0.0
p232_336.wav,2.914,,1.447,-6.176,0.707,1.453,2.71,3.101,2.646,3.436,3.07,3.368,2.716,3.589,3.27,2.621,2.273,0.0
p232_337.wav,2.855,,18.955,12.43,0.981,3.785,4.49,3.893,3.157,3.537,3.832,4.183,4.121,4.015,4.505,3.974,3.707,0.0
p232_338.wav,2.311,,11.503,4.373,0.97,2.905,3.93,3.618,3.097,3.439,3.955,3.452,3.78,3.653,3.897,3.174,2.933,0.0
p232_339.wav,1.965,,4.898,-7.264,0.969,3.229,,3.264,3.065,3.425,3.946,3.835,3.916,3.555,4.175,3.521,3.238,0.0
p232_340.wav,1.441,,-0.121,-15.603,0.814,2.104,,3.307,2.672,3.293,3.368,3.989,2.754,2.852,3.047,3.287,2.951,0.0
p232_341.wav,2.6,,18.156,7.581,0.843,2.274,3.25,3.558,2.778,3.283,3.582,2.999,4.035,4.337,4.845,3.129,2.515,0.0
p232_342.wav,2.623,,12.307,4.0,0.768,1.37,2.68,2.944,2.246,3.47,2.129,3.469,3.88,3.516,3.844,3.472,2.388,0.182
p232_343.wav,3.881,,6.865,-2.238,0.775,1.7,2.93,3.38,3.075,3.643,3.501,3.795,3.032,3.536,4.31,2.826,2.382,0.0
p232_344.wav,1.582,,0.865,-11.447,0.595,1.233,,2.506,1.881,2.973,2.08,3.012,2.636,3.732,3.829,2.978,2.077,0.25
p232_346.wav,1.953,,16.99,7.415,0.889,2.65,,3.795,3.199,3.498,4.047,4.007,4.511,4.036,4.69,3.751,3.44,0.0
p232_347.wav,3.295,,14.349,7.014,0.968,2.144,3.79,3.765,2.911,3.314,3.764,3.255,3.62,4.325,4.71,3.465,3.008,0.2
p232_348.wav,2.745,,6.902,-0.748,0.773,1.556,2.67,2.988,2.239,3.382,2.346,3.119,3.725,3.594,3.909,2.599,2.374,0.0
p232_349.wav,2.658,,1.633,-6.282,0.746,1.356,2.12,2.863,2.655,3.538,2.856,2.584,3.46,3.319,4.107,2.832,2.401,0.0
p232_350.wav,2.77,,15.337,13.282,0.944,4.257,4.32,3.848,3.139,3.413,4.058,3.344,4.556,4.04,4.114,3.44,3.048,0.0
p232_351.wav,1.87,,10.549,1.81,0.932,3.098,,3.437,3.115,3.529,3.813,4.202,3.385,3.468,4.417,3.726,3.347,0.25
p232_352.wav,1.841,,5.731,-3.588,0.926,2.926,,3.197,3.073,3.635,3.625,3.189,3.237,3.717,3.475,3.192,2.832,0.0
p232_353.wav,2.414,,1.127,-7.298,0.926,2.384,3.26,3.561,2.993,3.495,3.644,3.292,3.305,3.981,4.135,2.897,2.504,0.0
p232_354.wav,1.685,,15.753,7.742,0.771,2.984,,3.259,2.82,3.52,3.287,3.286,3.562,3.519,3.892,3.053,2.514,0.0
p232_355.wav,3.108,,14.169,8.978,0.938,2.511,3.82,3.963,3.289,3.662,3.907,4.125,3.777,4.194,4.113,3.715,3.027,0.077
p232_356.wav,2.963,,6.988,-1.144,0.841,1.909,2.76,3.194,2.958,3.644,3.323,2.793,3.13,4.066,4.133,2.399,1.88,0.091
p232_357.wav,2.216,,1.078,-4.384,0.889,1.649,3.49,3.483,2.622,3.437,2.918,2.688,4.09,3.401,3.681,3.362,2.619,0.125
p232_358.wav,1.739,,15.562,4.871,0.86,3.375,,3.363,3.246,3.54,4.051,3.6,3.816,3.062,4.123,3.283,2.955,0.0
p232_359.wav,1.473,,9.977,0.991,0.8,3.342,,3.561,3.106,3.506,3.84,3.579,3.774,3.549,4.137,3.805,3.126,0.0
p232_360.wav,2.733,,6.904,0.065,0.886,2.394,3.42,4.044,3.086,3.554,3.771,4.082,3.98,3.446,4.31,3.358,2.824,0.1
p232_361.wav,1.935,,0.489,-9.93,0.958,2.87,,3.616,3.14,3.512,3.985,3.924,3.671,3.184,4.267,3.273,2.988,0.0
p232_362.wav,2.875,,18.075,10.996,0.978,2.551,3.26,3.763,3.287,3.599,4.004,4.382,4.551,4.466,4.614,3.695,3.291,0.0
p232_363.wav,3.326,,12.218,4.835,0.899,2.375,3.54,3.742,3.152,3.544,3.801,3.831,3.355,3.434,4.115,3.037,2.745,0.0
p232_364.wav,2.471,,6.295,-0.012,0.889,1.872,3.01,3.119,2.321,3.334,2.496,3.505,4.095,3.629,4.483,3.334,2.576,0.0
p232_365.wav,2.223,,0.993,-7.296,0.706,1.518,2.3,2.791,2.136,3.093,2.337,2.916,3.565,3.659,4.073,3.239,2.336,0.143
p232_366.wav,1.977,,17.001,6.849,0.963,3.025,,3.4,2.959,3.51,3.56,2.955,4.475,3.478,4.846,3.085,2.819,0.0
p232_367.wav,1.827,,10.89,0.563,0.823,2.264,,3.516,2.867,3.461,3.429,4.108,3.081,3.243,3.631,3.326,3.07,0.0
p232_368.wav,1.988,,7.257,-0.07,0.85,2.53,,3.289,2.83,3.208,3.838,3.462,3.838,4.271,3.798,2.692,2.278,0.0
p232_369.wav,3.259,,2.37,-3.686,0.901,1.616,2.64,3.394,2.948,3.564,3.425,3.694,3.208,3.783,3.752,2.735,2.262,0.0
p232_370.wav,1.611,,15.338,6.193,0.931,3.028,,3.625,2.782,3.129,3.842,3.573,3.778,3.489,3.844,3.386,3.223,0.0
p232_371.wav,1.849,,10.556,2.635,0.961,2.795,,3.456,3.084,3.421,3.916,3.587,3.682,3.648,3.58,3.077,2.955,0.0
p232_372.wav,3.371,,6.749,0.534,0.842,2.115,3.03,3.771,2.919,3.392,3.632,3.56,3.825,4.116,4.264,3.209,2.548,0.182
p232_373.wav,3.252,,1.549,-3.945,0.984,2.865,3.86,3.735,2.951,3.517,3.527,4.42,4.059,3.829,4.278,3.611,2.79,0.0
p232_374.wav,2.918,,19.615,11.666,0.976,3.002,3.93,3.312,3.247,3.578,3.919,3.804,3.685,4.149,4.3,3.369,2.734,0.0
p232_375.wav,2.552,,11.714,2.754,0.954,2.689,3.3,3.548,3.198,3.654,3.689,3.1,3.129,3.557,3.883,2.393,2.039,0.0
p232_377.wav,2.967,,6.672,0.977,0.957,2.331,3.45,3.558,2.804,3.45,3.352,3.515,3.216,3.665,4.077,2.749,2.464,0.143
p232_378.wav,3.551,,2.51,-3.732,0.88,1.516,2.73,3.222,2.661,3.414,3.104,3.561,3.092,3.188,3.438,2.636,2.096,0.273
p232_379.wav,2.659,,21.199,13.51,0.959,3.339,3.71,3.906,2.961,3.541,3.473,3.228,4.656,4.23,4.654,3.752,3.129,0.0
p232_380.wav,2.822,,15.381,9.479,0.958,2.736,3.85,3.643,3.448,3.708,4.132,3.871,3.817,3.673,4.304,3.783,3.26,0.091
p232_381.wav,2.035,,5.929,-4.956,0.923,2.936,,3.868,2.97,3.58,3.483,3.987,3.475,4.029,4.19,3.205,2.473,0.0
p232_382.wav,1.898,,0.726,-6.513,0.92,3.295,,3.485,3.017,3.521,3.689,3.721,3.841,3.402,4.233,3.438,3.158,0.25
p232_383.wav,1.675,,18.044,7.322,0.969,2.373,,3.523,3.244,3.576,3.997,3.259,4.72,3.853,4.773,3.773,3.391,0.333
p232_384.wav,1.76,,11.121,2.071,0.737,1.98,,2.927,2.632,3.438,3.044,2.92,4.015,3.821,4.293,2.823,2.343,0.0
p232_385.wav,3.007,,6.736,0.032,0.827,2.144,3.08,3.528,3.056,3.55,3.623,3.799,2.732,3.508,3.859,2.997,2.701,0.083
p232_386.wav,2.243,,1.245,-10.231,0.505,1.256,1.88,2.615,1.163,1.33,1.152,2.519,2.668,2.745,3.183,2.599,1.659,0.25
p232_387.wav,3.003,,18.582,10.777,0.982,2.857,4.07,3.757,3.227,3.545,3.983,3.5,4.352,4.311,4.797,3.522,2.877,0.0
p232_388.wav,2.532,,13.953,5.134,0.754,1.537,2.77,2.898,2.167,3.295,2.253,2.617,3.729,3.849,3.777,2.829,2.006,0.286
p232_389.wav,2.104,,6.677,-2.891,0.836,1.279,,2.779,2.727,3.516,3.143,2.729,2.443,3.292,3.68,2.446,1.883,0.0
p232_390.wav,1.843,,1.07,-6.962,0.711,1.4,,2.935,2.634,3.536,2.797,2.38,3.113,3.149,3.434,2.748,1.777,0.0
p232_391.wav,1.822,,15.561,6.412,0.974,3.615,,3.267,2.949,3.292,3.883,3.634,3.782,4.328,4.592,3.508,3.298,0.0
p232_392.wav,3.221,,11.577,5.224,0.95,3.458,4.25,3.553,3.158,3.555,3.905,4.213,3.65,3.553,4.72,3.795,3.453,0.0
p232_393.wav,3.276,,6.594,-0.184,0.989,3.062,4.13,3.545,3.22,3.541,4.008,3.377,3.559,4.125,4.626,3.16,2.916,0.0
p232_394.wav,3.186,,1.525,-3.964,0.983,2.411,3.82,3.62,2.918,3.576,3.351,3.532,3.968,3.859,4.278,3.628,2.732,0.0
p232_396.wav,1.847,,17.484,8.482,0.886,2.55,,3.348,3.231,3.553,3.971,3.184,4.575,3.812,4.244,3.777,3.208,0.2
p232_397.wav,3.06,,11.679,5.756,0.982,3.003,3.86,3.714,3.234,3.63,3.881,3.794,3.323,4.064,4.1,3.328,2.644,0.0
p232_398.wav,2.976,,7.009,-0.377,0.883,2.133,3.38,3.655,2.957,3.685,3.222,3.734,3.159,3.865,3.87,2.647,2.363,0.0
p232_399.wav,2.241,,1.256,-5.962,0.754,1.471,2.54,2.912,2.701,3.289,3.385,3.403,2.845,3.265,3.296,2.562,1.943,0.143
p232_400.wav,2.683,,16.463,9.542,0.998,3.419,4.5,3.518,3.0,3.262,4.042,3.337,4.084,4.446,4.16,3.398,2.971,0.0
p232_402.wav,1.78,,5.889,-4.656,0.821,2.125,,3.157,2.515,3.28,2.999,2.497,3.42,3.552,4.103,3.105,1.974,0.0
p232_403.wav,2.151,,13.002,3.666,0.845,1.373,,2.975,3.391,3.658,4.1,3.704,3.552,3.774,4.219,3.091,2.386,0.0
p232_404.wav,2.482,,15.968,5.911,0.939,2.798,3.99,3.43,2.902,3.224,3.918,4.313,4.197,4.477,4.619,4.133,3.591,0.0
p232_405.wav,2.542,,6.363,3.21,0.936,2.295,3.98,3.86,2.979,3.499,3.592,3.684,4.035,3.444,4.141,3.666,3.258,0.0
p232_407.wav,1.488,,0.341,-10.809,0.524,1.245,,2.441,1.355,1.961,1.498,3.066,3.51,3.059,3.135,2.809,2.346,0.0
p232_409.wav,4.09,,1.612,-7.35,0.736,1.38,2.24,3.117,2.697,3.508,3.088,3.372,3.099,3.686,3.692,2.987,2.159,0.273
p232_410.wav,3.235,,6.685,1.173,0.891,2.194,2.92,3.497,2.836,3.504,3.278,3.618,3.643,3.302,3.821,2.967,2.766,0.0
p232_411.wav,2.113,,14.657,3.784,0.925,2.911,,3.563,3.058,3.393,3.947,4.232,3.562,3.828,4.346,3.832,3.393,0.0
p232_412.wav,3.35,,14.03,8.749,0.922,2.639,3.66,3.73,3.145,3.594,3.705,3.651,3.263,3.567,3.939,3.284,2.817,0.1
p232_413.wav,2.269,,10.994,2.092,0.987,3.304,4.13,3.414,3.064,3.426,3.902,3.292,3.97,3.769,4.158,3.273,2.681,0.0
p232_414.wav,1.74,,0.578,-9.617,0.727,1.579,,2.63,2.638,3.459,2.89,2.911,3.174,3.621,3.525,2.496,1.891,0.0
p232_415.wav,2.804,,1.617,-8.707,0.539,1.147,1.81,2.525,1.924,2.998,1.913,3.335,3.405,3.309,3.713,2.758,1.961,0.0
p257_001.wav,2.22,,16.178,8.346,0.843,2.927,3.99,3.609,3.046,3.409,3.871,3.626,3.799,3.267,3.948,3.265,3.022,0.0
p257_002.wav,2.776,,11.465,4.966,0.93,2.442,3.53,3.42,3.115,3.431,3.998,3.494,3.216,3.931,4.291,3.399,2.948,0.091
p257_003.wav,5.521,,7.38,1.307,0.862,1.868,2.96,3.426,2.941,3.653,3.201,3.486,3.168,3.385,3.397,2.884,2.606,0.105
p257_004.wav,3.631,,1.51,-9.236,0.92,2.081,3.15,3.307,2.839,3.493,3.397,3.561,3.877,3.713,4.158,3.44,2.954,0.133
p257_006.wav,4.274,,17.243,11.588,0.924,2.68,3.93,3.574,3.239,3.569,4.011,3.621,3.473,4.25,3.947,2.926,2.603,0.118
p257_007.wav,3.398,,12.921,4.795,0.814,1.567,2.42,2.836,2.554,3.574,2.679,2.86,3.849,3.267,4.235,2.697,2.096,0.083
p257_008.wav,5.583,,7.797,1.788,0.794,1.395,2.28,2.879,2.331,3.472,2.229,3.24,3.53,3.33,3.46,2.809,2.087,0.045
p257_009.wav,3.453,,2.569,-4.89,0.574,1.117,1.53,2.563,1.114,1.207,1.118,3.26,3.492,3.148,3.81,3.058,1.959,0.615
p257_010.wav,2.37,,17.073,7.796,0.925,2.594,4.08,3.311,3.067,3.405,3.929,3.789,3.649,3.988,4.402,2.993,2.473,0.0
p257_011.wav,5.108,,12.198,10.156,0.963,2.765,3.64,3.231,3.305,3.567,4.116,4.27,3.676,4.326,4.226,3.247,2.876,0.0
p257_012.wav,3.458,,8.504,3.728,0.9,1.9,2.52,3.202,3.309,3.654,3.997,3.271,3.026,3.362,4.681,2.999,2.354,0.1
p257_013.wav,3.138,,1.979,-5.7,0.655,1.128,1.67,2.527,1.176,1.493,1.27,3.098,3.088,3.178,3.659,2.378,1.922,0.375
p257_014.wav,3.692,,16.512,11.494,0.974,3.36,4.44,3.331,3.354,3.646,4.072,3.501,4.313,4.337,4.803,3.755,3.312,0.143
p257_015.wav,4.693,,11.882,7.477,0.979,3.496,4.7,3.663,3.439,3.678,4.152,3.459,3.492,3.984,4.506,3.835,3.268,0.0
p257_016.wav,5.348,,7.05,1.29,0.959,2.431,3.59,3.411,3.176,3.495,4.043,3.207,3.277,3.953,4.179,3.343,2.616,0.1
p257_017.wav,2.871,,1.694,-5.429,0.925,1.837,3.67,3.018,2.938,3.403,3.636,3.6,3.837,3.153,4.139,3.322,2.701,0.0
p257_018.wav,4.419,,17.293,10.896,0.958,3.047,4.33,3.622,3.211,3.558,3.941,4.002,4.536,4.092,4.409,4.07,3.683,0.176
p257_019.wav,5.52,,14.243,8.158,0.951,2.587,3.73,3.431,3.268,3.606,3.976,3.408,4.199,4.055,4.379,3.38,3.033,0.0
p257_020.wav,3.419,,7.349,-0.9,0.881,1.725,2.76,3.127,2.853,3.464,3.353,2.782,3.375,3.386,3.632,2.655,2.34,0.0
p257_022.wav,4.856,,1.994,-2.882,0.86,1.544,2.72,3.29,3.0,3.469,3.645,3.09,4.107,3.634,4.291,3.312,2.503,0.167
p257_023.wav,8.214,,17.327,12.879,0.983,3.461,4.41,3.677,3.318,3.649,4.008,3.936,4.452,3.969,4.667,3.869,3.572,0.028
p257_024.wav,4.685,,11.98,8.916,0.982,3.522,4.64,3.739,3.264,3.608,3.988,3.942,4.274,4.204,4.318,3.69,3.236,0.048
p257_025.wav,2.742,,6.133,-1.607,0.934,3.017,4.25,3.613,3.073,3.509,3.732,3.873,3.593,3.824,4.504,3.649,3.242,0.0
p257_026.wav,1.759,,0.546,-7.797,0.699,1.538,,2.903,2.997,3.477,3.734,3.548,3.113,3.821,4.058,2.999,2.324,0.0
p257_027.wav,3.018,,16.898,10.542,0.95,1.596,4.01,3.592,3.052,3.459,3.785,3.783,4.166,3.864,4.051,3.636,3.22,0.0
p257_028.wav,1.837,,12.234,3.492,0.723,1.886,,3.059,2.723,3.408,3.188,3.475,2.549,3.608,3.582,3.011,2.199,0.0
p257_029.wav,2.125,,6.325,-4.416,0.661,1.317,,2.705,2.431,3.514,2.425,3.738,2.78,3.579,3.575,3.117,2.21,0.0
p257_030.wav,2.891,,2.439,-3.78,0.836,1.222,3.09,3.181,3.095,3.574,3.696,3.644,3.123,3.69,3.541,3.044,2.769,0.167
p257_031.wav,1.314,,16.261,7.298,0.681,2.373,,3.175,2.533,2.953,3.685,3.431,3.853,3.473,4.339,3.395,3.09,0.0
p257_032.wav,3.026,,12.743,2.902,0.915,2.435,3.75,3.279,3.416,3.691,4.131,3.719,3.972,4.179,4.793,3.911,3.308,0.0
p257_033.wav,1.759,,6.062,-4.431,0.634,1.266,,2.45,1.488,2.028,1.544,3.565,3.294,3.994,3.843,2.817,2.438,0.0
p257_034.wav,1.91,,1.061,-8.322,0.725,1.373,,2.557,1.545,2.102,1.598,3.37,3.938,3.544,3.582,3.068,2.551,0.5
p257_035.wav,3.28,,16.401,9.213,0.987,3.233,4.18,3.258,3.164,3.51,3.964,4.354,3.577,4.423,4.584,3.94,3.539,0.0
p257_036.wav,1.786,,10.053,-0.555,0.863,1.556,,3.312,2.805,3.128,3.844,3.89,4.005,3.584,4.265,3.565,3.232,0.0
p257_037.wav,1.455,,5.529,-3.32,0.82,1.776,,3.274,2.822,3.301,3.615,3.575,3.45,3.633,3.722,3.431,2.817,0.0
p257_038.wav,3.269,,2.016,-2.542,0.945,2.261,3.84,3.324,3.059,3.601,3.585,3.798,3.582,3.675,3.464,3.103,2.462,0.154
p257_039.wav,2.662,,16.583,9.794,0.955,2.797,4.33,3.362,3.15,3.476,3.948,3.267,4.345,3.996,3.934,3.5,2.964,0.091
p257_040.wav,2.668,,12.755,4.869,0.902,2.322,3.36,3.239,3.138,3.609,3.68,4.192,4.358,4.266,4.341,3.504,3.236,0.222
p257_041.wav,1.712,,7.591,0.099,0.717,1.275,,2.912,2.989,3.493,3.646,3.262,2.942,3.676,3.543,3.141,2.749,0.0
p257_042.wav,1.84,,-0.443,-10.265,0.472,1.056,,2.47,2.487,3.209,2.967,2.806,2.652,3.448,3.54,2.557,2.007,0.0
p257_043.wav,2.077,,21.29,12.67,0.866,2.857,,3.341,2.912,3.438,3.558,3.596,4.415,4.188,3.661,3.516,3.212,0.0
p257_044.wav,1.794,,10.464,2.779,0.856,2.904,,3.561,2.794,3.24,3.697,3.346,4.369,3.639,4.373,3.696,3.37,0.0
p257_045.wav,1.625,,5.589,-3.802,0.759,2.635,,2.932,2.811,3.059,3.954,4.365,3.31,3.673,3.01,3.308,3.15,0.0
p257_046.wav,1.541,,2.056,-2.952,0.807,3.062,,3.435,2.854,3.227,3.863,3.249,4.008,4.041,4.319,3.138,2.934,0.0
p257_047.wav,2.694,,16.91,7.359,0.907,1.521,3.84,3.214,3.219,3.553,3.964,4.153,3.772,4.17,4.183,3.769,3.364,0.0
p257_048.wav,1.682,,11.171,1.324,0.797,1.655,,3.268,2.805,3.238,3.616,4.416,3.148,3.702,3.644,3.244,3.017,0.333
p257_049.wav,3.149,,7.372,2.185,0.854,1.45,2.57,3.146,2.788,3.498,3.199,3.303,3.684,4.037,3.941,2.952,2.477,0.091
p257_050.wav,1.921,,0.794,-9.406,0.422,1.039,,2.506,1.621,2.421,1.831,2.776,3.521,2.792,3.428,2.421,2.025,0.25
p257_051.wav,2.904,,18.231,10.706,0.954,2.749,4.22,3.219,3.191,3.483,4.0,3.739,3.271,3.731,3.434,3.09,2.816,0.0
p257_052.wav,2.03,,11.205,1.031,0.852,2.529,,3.072,2.513,3.265,3.102,3.573,4.601,3.913,4.413,3.578,2.782,0.0
p257_053.wav,2.539,,7.543,-3.661,0.751,1.187,2.92,2.681,2.872,3.651,3.091,3.585,3.911,3.941,4.538,3.428,2.551,0.125
p257_054.wav,2.159,,1.233,-10.56,0.492,1.094,,2.492,1.353,1.902,1.465,3.171,3.346,3.22,4.19,2.763,2.248,0.286
p257_055.wav,2.497,,16.023,7.488,0.955,3.365,4.46,3.202,3.129,3.425,4.033,4.117,2.934,3.85,4.152,3.524,3.281,0.2
p257_056.wav,1.47,,10.147,0.256,0.841,2.973,,2.989,2.851,3.351,3.609,3.602,3.937,3.405,3.567,3.678,2.833,0.0
p257_057.wav,2.916,,6.506,-2.521,0.953,2.798,3.9,3.244,3.198,3.552,3.98,3.2,4.208,3.35,4.265,3.343,3.045,0.111
p257_058.wav,1.928,,0.514,-8.309,0.822,1.444,,3.022,3.046,3.63,3.575,3.218,3.636,3.967,3.44,2.899,2.557,0.0
p257_059.wav,3.728,,17.711,8.973,0.955,2.871,3.5,3.392,3.374,3.644,4.117,3.366,4.23,4.028,4.76,4.053,3.548,0.182
p257_060.wav,1.64,,12.401,2.715,0.809,2.402,,3.299,3.32,3.618,4.077,3.646,3.66,4.02,4.61,3.24,2.839,0.0
p257_061.wav,2.068,,7.065,-3.726,0.696,1.571,,3.241,2.857,3.476,3.328,2.907,2.536,3.529,3.846,2.698,2.275,0.0
p257_062.wav,2.433,,2.191,-6.191,0.738,1.244,2.48,3.492,2.82,3.652,3.057,3.164,2.83,3.794,3.734,2.972,2.57,0.25
p257_063.wav,2.054,,17.492,7.789,0.803,2.288,,3.078,2.953,3.274,3.913,3.374,4.423,3.582,4.616,3.267,3.046,0.0
p257_064.wav,2.062,,10.41,-1.058,0.863,1.666,,3.163,2.784,3.159,3.8,3.927,3.423,3.241,4.016,3.239,2.956,0.4
p257_065.wav,2.589,,7.085,-2.36,0.875,1.712,3.64,3.17,3.018,3.558,3.638,3.716,3.773,3.656,3.884,3.102,2.869,0.125
p257_066.wav,2.71,,1.337,-6.46,0.814,2.241,4.05,3.284,2.955,3.526,3.478,3.196,3.806,3.485,4.117,3.373,3.079,0.111
p257_067.wav,1.754,,16.305,6.563,0.79,1.249,,3.411,2.976,3.479,3.583,3.722,3.924,3.871,4.196,3.342,3.097,0.0
p257_068.wav,1.982,,10.974,1.159,0.729,2.048,,3.359,3.13,3.461,3.948,3.628,3.59,4.163,4.173,3.188,2.937,0.167
p257_069.wav,2.789,,8.263,-1.991,0.467,1.22,1.55,2.554,2.206,3.444,2.2,3.099,3.079,3.31,4.132,2.696,2.026,0.5
p257_070.wav,2.39,,2.462,-8.39,0.37,1.12,1.6,2.179,1.103,1.253,1.195,2.426,3.332,3.532,3.573,2.509,1.96,0.5
p257_071.wav,3.706,,17.611,9.113,0.926,2.648,3.76,3.233,3.048,3.394,3.867,3.362,4.018,3.867,4.212,3.109,2.614,0.1
p257_072.wav,1.845,,11.721,2.872,0.844,1.789,,3.171,3.276,3.626,3.947,3.488,3.287,4.142,4.352,3.226,2.819,0.0
p257_073.wav,2.459,,6.908,-2.368,0.815,1.585,3.2,3.042,2.91,3.652,3.291,3.022,3.303,3.112,4.101,2.779,2.456,0.0
p257_074.wav,1.711,,0.892,-9.041,0.471,1.263,,2.603,1.174,1.475,1.356,3.101,3.588,3.586,3.66,2.658,1.776,0.0
p257_075.wav,1.979,,15.328,5.718,0.928,3.402,,3.31,3.142,3.423,4.068,3.738,3.908,3.716,3.818,3.765,3.408,0.2
p257_076.wav,1.724,,10.631,1.675,0.86,2.788,,2.949,3.082,3.423,3.998,3.26,4.09,4.34,4.249,3.317,2.925,0.0
p257_077.wav,2.12,,5.628,-2.547,0.861,1.994,,3.373,2.817,3.378,3.504,3.321,3.349,3.677,4.098,3.295,2.929,0.0
p257_078.wav,3.172,,1.438,-5.303,0.85,1.183,2.98,3.17,2.92,3.432,3.62,2.88,3.006,3.918,3.68,2.973,2.511,0.222
p257_079.wav,2.821,,19.719,11.487,0.921,2.647,3.91,3.336,3.493,3.765,4.099,4.121,3.964,3.859,4.238,3.272,3.108,0.0
p257_080.wav,3.484,,11.836,3.332,0.888,1.579,3.6,3.432,3.005,3.485,3.7,4.085,3.434,4.168,3.55,3.146,2.902,0.214
p257_081.wav,1.95,,6.694,-4.772,0.535,1.222,,2.8,2.552,3.371,2.993,2.806,2.844,3.543,3.585,2.579,2.176,0.8
p257_082.wav,2.965,,1.295,-6.532,0.71,1.213,2.63,2.936,2.885,3.552,3.303,2.818,2.354,3.355,3.332,2.268,2.128,0.182
p257_083.wav,2.226,,15.981,9.094,0.955,3.883,4.72,3.25,2.987,3.321,3.86,4.008,3.252,4.122,3.79,3.272,3.057,0.125
p257_084.wav,2.883,,11.902,6.134,0.957,2.96,4.38,3.393,3.447,3.678,4.169,3.453,3.841,3.74,4.506,3.561,3.351,0.0
p257_085.wav,2.526,,6.936,0.311,0.89,1.398,3.42,3.232,3.174,3.657,3.727,3.687,3.415,3.506,3.661,3.174,2.757,0.0
p257_086.wav,1.575,,1.305,-5.375,0.849,3.028,,3.554,2.704,3.21,3.639,4.074,3.397,3.317,3.755,3.31,3.125,0.0
p257_087.wav,2.565,,16.943,6.386,0.705,1.749,2.65,3.501,2.726,3.586,2.958,3.809,3.76,3.513,4.203,3.254,2.744,0.25
p257_088.wav,3.301,,13.414,6.132,0.868,1.741,2.88,3.142,2.855,3.472,3.283,3.972,3.506,4.192,4.249,3.277,2.763,0.167
p257_089.wav,2.89,,7.333,0.677,0.835,1.618,3.03,3.412,3.11,3.653,3.65,3.391,3.558,3.722,4.139,2.821,2.196,0.0
p257_090.wav,1.886,,0.562,-11.004,0.297,1.077,,2.301,1.191,1.542,1.229,2.433,3.461,2.943,3.652,2.792,1.531,1.0
p257_091.wav,1.914,,16.226,6.137,0.786,1.791,,3.221,2.941,3.351,3.814,3.622,3.738,3.67,4.185,3.106,2.88,0.25
p257_092.wav,2.8,,10.201,-1.025,0.539,1.82,3.01,2.848,2.507,3.281,3.032,3.383,3.798,3.376,3.824,3.014,2.914,0.0
p257_093.wav,1.651,,5.153,-8.969,0.586,1.323,,2.468,2.017,2.944,2.141,3.748,3.248,3.666,4.089,3.276,2.648,0.0
p257_094.wav,2.26,,-0.502,-12.138,0.441,1.063,1.96,2.787,1.136,1.222,1.124,2.966,3.626,2.852,3.669,2.516,2.22,0.0
p257_095.wav,3.444,,16.498,11.541,0.984,3.37,4.75,3.583,3.393,3.648,4.152,3.856,4.05,4.252,4.044,3.716,3.416,0.0
p257_096.wav,2.57,,10.255,1.331,0.827,2.53,4.65,3.441,3.265,3.512,4.124,4.483,3.35,4.377,4.566,3.963,3.467,0.0
p257_097.wav,2.712,,6.024,-2.01,0.882,2.409,3.64,3.189,3.174,3.484,4.012,3.495,3.987,3.927,4.374,3.39,3.21,0.0
p257_098.wav,2.06,,-0.677,-11.18,0.637,1.141,,2.788,2.55,3.166,3.269,3.07,2.778,3.548,3.827,2.872,2.566,0.0
p257_099.wav,2.718,,17.133,8.496,0.909,2.961,4.16,3.296,3.328,3.652,3.972,4.141,3.627,4.546,4.772,3.66,3.342,0.0
p257_100.wav,1.465,,10.581,3.615,0.741,1.385,,3.324,2.781,3.228,3.701,4.603,3.187,3.679,3.546,3.744,2.521,0.0
p257_101.wav,4.305,,6.902,-0.357,0.808,1.391,3.42,3.185,2.947,3.471,3.515,4.118,3.62,3.737,4.126,3.196,2.734,0.25
p257_102.wav,2.592,,3.4,-4.362,0.721,1.184,2.08,2.876,2.754,3.586,3.066,2.936,2.8,2.95,3.508,2.622,1.685,0.3
p257_103.wav,1.999,,15.966,3.755,0.926,3.154,,3.155,3.18,3.48,4.054,3.838,3.71,3.89,3.869,3.821,3.374,0.333
p257_104.wav,2.114,,10.967,3.562,0.882,3.136,,3.225,3.243,3.541,4.107,3.107,4.45,3.688,4.086,4.227,3.804,0.0
p257_105.wav,1.967,,6.005,0.746,0.838,2.405,,3.632,3.004,3.341,3.961,3.86,3.297,3.293,3.897,3.453,3.042,0.0
p257_106.wav,2.57,,1.633,-4.002,0.839,1.724,3.28,3.218,3.124,3.637,3.606,3.677,3.249,3.017,4.309,3.455,2.512,0.0
p257_107.wav,1.915,,16.842,8.488,0.823,2.257,,3.171,3.069,3.503,3.732,3.584,4.085,3.733,3.961,3.071,2.829,0.167
p257_108.wav,2.232,,11.378,2.549,0.795,1.181,3.28,3.007,2.928,3.261,3.846,3.506,2.852,4.185,4.031,3.188,2.937,0.0
p257_109.wav,2.115,,6.604,1.531,0.805,1.49,,2.85,2.445,3.169,2.92,3.242,2.946,3.39,3.837,2.867,2.305,0.125
p257_110.wav,1.595,,2.691,-2.452,0.544,1.054,,2.749,1.826,2.423,2.287,3.643,3.467,3.381,3.983,2.629,2.144,0.0
p257_111.wav,2.432,,17.556,8.221,0.728,1.705,3.2,3.032,3.197,3.596,3.81,3.615,2.618,3.386,4.201,2.174,1.917,0.0
p257_112.wav,2.134,,12.003,3.795,0.771,1.589,,2.857,2.871,3.558,3.308,3.522,3.72,3.747,4.042,3.083,2.491,0.0
p257_113.wav,1.699,,6.79,-0.957,0.645,1.265,,2.783,2.975,3.582,3.458,3.387,3.173,2.999,3.555,3.101,2.885,0.0
p257_114.wav,1.624,,1.317,-10.393,0.359,1.058,,2.4,1.097,1.189,1.166,2.652,3.462,2.957,3.677,2.228,1.653,0.25
p257_115.wav,2.221,,16.131,8.484,0.944,3.148,4.43,3.534,2.944,3.253,3.966,3.048,4.166,3.971,4.377,3.132,2.894,0.0
p257_116.wav,3.311,,13.694,6.79,0.977,3.25,4.35,3.311,3.321,3.568,4.157,3.485,3.729,3.265,4.229,3.25,3.05,0.0
p257_117.wav,2.235,,6.492,-1.376,0.895,2.047,3.57,3.297,3.009,3.539,3.587,3.573,3.819,3.649,4.129,3.226,2.598,0.0
p257_118.wav,3.529,,1.717,-3.922,0.959,2.006,2.36,3.26,2.952,3.367,3.766,3.748,2.97,3.956,3.922,3.024,2.546,0.071
p257_119.wav,1.966,,16.303,8.459,0.846,2.827,,3.215,2.907,3.236,3.874,3.76,3.695,4.035,4.182,3.517,3.183,0.0
p257_120.wav,1.412,,15.701,5.437,0.676,1.649,,3.195,2.748,3.47,3.066,3.555,3.364,3.713,3.994,3.607,2.6,0.0
p257_121.wav,3.301,,7.233,-0.01,0.817,1.541,2.82,3.205,2.808,3.465,3.227,2.827,2.556,3.658,3.661,2.4,1.911,0.0
p257_122.wav,1.478,,0.433,-8.476,0.571,1.13,,2.478,2.574,3.442,2.885,3.197,3.592,3.687,4.28,2.911,2.21,0.0
p257_123.wav,2.216,,15.78,7.647,0.978,3.651,4.71,3.241,3.038,3.351,3.958,3.73,3.75,4.067,3.781,3.659,3.164,0.0
p257_124.wav,1.75,,10.298,0.01,0.795,2.489,,3.166,2.97,3.327,3.879,3.925,3.25,3.654,3.56,3.497,3.252,0.0
p257_125.wav,1.91,,5.03,-5.224,0.607,1.315,,2.759,2.842,3.25,3.888,3.599,3.532,3.257,3.729,3.74,3.085,0.0
p257_126.wav,2.351,,0.822,-8.458,0.789,1.966,4.05,3.424,3.228,3.605,3.944,4.234,3.62,4.055,4.202,3.511,3.188,0.0
p257_127.wav,3.027,,16.813,9.99,0.881,2.71,3.95,3.488,3.153,3.534,3.831,3.606,4.807,4.027,4.588,3.602,3.182,0.0
p257_128.wav,2.649,,11.778,4.719,0.883,2.253,3.44,3.569,3.061,3.504,3.723,3.501,2.775,4.135,3.904,3.396,2.984,0.0
p257_129.wav,2.542,,6.82,-2.287,0.575,1.225,2.05,2.671,1.529,2.458,1.495,3.398,3.059,3.227,3.968,2.677,2.059,0.143
p257_130.wav,3.171,,1.393,-7.481,0.428,1.12,1.64,2.446,1.228,1.567,1.264,2.968,3.238,3.348,4.097,2.55,1.642,0.75
p257_131.wav,1.501,,16.06,4.629,0.874,2.823,,3.078,3.12,3.5,3.893,4.293,3.37,3.836,3.763,3.808,3.159,0.0
p257_132.wav,3.133,,11.743,2.364,0.832,1.247,2.57,3.101,2.996,3.485,3.631,3.815,3.444,3.86,4.407,3.043,2.669,0.375
p257_133.wav,2.476,,5.973,-4.844,0.701,1.226,2.74,2.689,2.42,3.434,2.507,2.256,4.844,3.458,4.406,2.961,2.492,0.0
p257_135.wav,3.481,,2.251,-6.059,0.628,1.177,2.4,2.823,2.527,3.504,2.689,3.769,3.385,3.903,4.13,3.154,2.429,0.0
p257_136.wav,2.212,,15.92,9.484,0.945,3.68,4.74,3.431,3.372,3.619,4.185,4.194,3.878,4.43,4.556,3.983,3.585,0.0
p257_137.wav,1.969,,10.907,2.461,0.825,2.676,,3.4,3.007,3.412,3.802,4.369,3.546,4.195,3.757,4.071,3.626,0.0
p257_138.wav,1.964,,5.745,-3.036,0.877,1.491,,3.334,2.996,3.377,3.904,3.498,4.045,3.892,4.576,3.07,2.585,0.0
p257_139.wav,1.764,,0.158,-8.916,0.694,1.329,,2.886,2.904,3.511,3.417,3.03,2.559,3.203,3.673,2.604,2.25,0.0
p257_140.wav,1.88,,16.07,6.125,0.659,2.182,,3.251,2.541,3.023,3.619,3.99,4.456,4.014,4.241,3.612,3.403,0.0
p257_141.wav,2.109,,12.233,2.618,0.845,1.523,,3.077,3.108,3.618,3.617,2.746,3.167,3.72,4.319,2.843,2.359,0.0
p257_142.wav,3.747,,6.88,-0.337,0.766,1.377,2.85,3.233,2.949,3.589,3.368,3.284,3.145,3.544,3.847,2.833,2.303,0.0
p257_143.wav,2.521,,2.385,-6.285,0.623,1.095,1.71,2.598,1.715,2.644,1.714,3.165,3.392,3.087,3.848,2.588,1.752,0.222
p257_144.wav,2.799,,17.024,12.937,0.968,4.003,4.49,3.133,2.981,3.373,3.766,3.68,3.587,3.888,4.285,3.8,3.407,0.0
p257_145.wav,3.371,,12.582,6.349,0.936,3.066,3.9,3.346,3.259,3.656,3.907,3.911,4.376,4.572,4.595,3.585,3.204,0.0
p257_146.wav,2.049,,6.124,-2.649,0.804,1.873,,3.476,2.446,3.015,3.33,3.787,3.278,3.918,3.541,3.359,3.076,0.0
p257_147.wav,3.034,,1.765,-1.31,0.842,1.618,3.41,3.237,2.677,3.132,3.526,3.797,3.599,4.002,3.712,3.342,2.849,0.0
p257_148.wav,1.851,,16.614,9.862,0.881,2.77,,3.076,3.302,3.601,4.019,4.222,2.845,4.633,4.214,3.259,2.932,0.0
p257_149.wav,2.477,,11.946,1.209,0.756,1.198,2.86,3.005,3.099,3.446,3.96,3.159,3.029,4.202,4.223,2.822,2.39,0.0
p257_150.wav,2.151,,7.084,-1.98,0.6,1.074,,2.531,1.273,1.613,1.359,2.527,3.651,3.052,3.97,2.738,1.804,0.667
p257_151.wav,2.356,,2.216,-8.521,0.379,1.068,1.43,2.129,1.198,1.526,1.253,2.633,2.863,3.376,3.349,2.564,1.682,1.0
p257_152.wav,1.57,,16.306,7.548,0.785,1.386,,2.947,2.793,3.305,3.64,3.568,3.948,3.78,4.348,3.141,2.791,0.0
p257_153.wav,2.138,,11.361,1.435,0.748,1.833,,2.849,2.789,3.479,3.183,2.801,3.715,3.374,4.433,2.949,2.47,0.0
p257_154.wav,3.32,,8.499,-0.156,0.644,1.203,1.78,2.72,1.17,1.325,1.124,2.903,3.644,3.245,3.819,2.782,2.105,0.0
p257_155.wav,2.075,,1.004,-10.502,0.581,1.123,,2.534,2.581,3.512,2.78,2.587,3.51,2.915,4.297,2.767,2.235,0.333
p257_156.wav,2.324,,15.795,7.959,0.983,3.576,4.75,3.351,3.21,3.513,4.067,3.735,4.038,3.947,4.042,3.473,3.091,0.125
p257_157.wav,3.104,,11.545,6.689,0.95,3.131,4.15,3.597,3.321,3.638,4.031,3.446,4.229,3.789,4.612,3.46,3.081,0.0
p257_158.wav,1.436,,5.041,-4.173,0.756,2.575,,3.281,2.552,2.969,3.725,4.245,3.069,3.603,3.299,3.038,2.966,0.0
p257_159.wav,1.763,,0.488,-6.08,0.686,1.608,,2.821,2.79,3.318,3.575,2.68,2.879,3.355,3.368,2.769,2.273,0.0
p257_160.wav,2.52,,17.059,9.153,0.845,1.513,4.1,3.152,3.222,3.557,4.02,4.173,3.584,3.764,4.023,3.754,3.423,0.0
p257_161.wav,2.173,,10.825,6.7,0.866,1.81,,3.459,2.929,3.335,3.742,3.479,3.509,3.873,3.738,3.229,3.083,0.0
p257_162.wav,3.015,,7.454,0.66,0.84,1.313,2.83,3.328,3.128,3.603,3.685,3.622,3.406,3.957,4.36,3.398,2.837,0.182
p257_163.wav,2.246,,1.478,-7.529,0.646,1.217,2.27,2.68,2.812,3.568,3.15,3.27,3.091,3.274,3.57,2.514,1.948,0.333
p257_164.wav,3.417,,22.645,14.783,0.958,3.368,4.44,3.636,3.314,3.608,4.076,3.87,4.242,4.375,4.842,3.824,3.505,0.091
p257_165.wav,1.733,,10.095,4.255,0.862,3.256,,3.389,2.897,3.236,3.902,3.365,3.73,3.503,4.496,3.866,3.317,0.0
p257_166.wav,2.276,,5.699,-4.377,0.726,1.257,2.59,2.817,2.843,3.536,3.301,4.189,3.632,3.732,3.468,3.378,2.76,0.0
p257_167.wav,2.709,,1.56,-6.375,0.864,1.673,3.25,3.15,2.784,3.461,3.319,3.279,3.226,3.852,3.978,3.047,2.292,0.111
p257_168.wav,3.157,,16.688,8.824,0.935,2.901,4.0,3.373,3.001,3.42,3.761,3.362,3.814,4.325,3.914,3.406,3.177,0.0
p257_169.wav,2.526,,12.511,2.234,0.864,1.788,2.82,2.84,2.971,3.572,3.433,3.839,3.885,3.774,4.164,3.131,2.748,0.0
p257_170.wav,2.073,,6.274,-1.481,0.719,1.168,,2.737,2.493,3.341,2.907,3.392,4.11,3.733,4.18,3.189,2.864,0.0
p257_171.wav,2.049,,1.959,-8.919,0.468,1.051,,2.473,1.124,1.237,1.125,2.777,3.426,3.446,3.416,2.532,1.832,0.5
p257_172.wav,2.363,,17.679,8.689,0.766,1.614,2.89,3.021,2.952,3.448,3.486,3.3,3.259,4.11,4.082,3.064,2.603,0.25
p257_173.wav,2.356,,12.175,3.614,0.841,1.238,2.94,2.95,3.165,3.72,3.591,3.035,3.581,3.298,3.984,2.775,2.354,0.2
p257_174.wav,2.361,,5.46,-5.572,0.762,1.285,2.92,2.974,2.831,3.543,3.325,2.523,3.594,3.82,4.056,2.72,2.254,0.429
p257_175.wav,3.367,,1.843,-9.518,0.524,1.134,1.73,2.269,1.138,1.241,1.176,3.331,3.765,3.611,3.87,2.952,2.336,0.3
p257_176.wav,1.963,,15.325,4.593,0.959,3.418,,3.15,2.967,3.331,3.881,3.57,3.593,3.96,4.141,3.287,2.958,0.0
p257_177.wav,2.651,,11.598,7.643,0.951,3.148,4.11,3.364,3.348,3.624,4.127,3.882,4.122,3.927,4.725,3.796,3.386,0.0
p257_178.wav,3.304,,6.572,-0.143,0.962,2.916,4.04,3.602,3.226,3.559,4.027,3.911,3.428,3.96,4.125,3.321,3.071,0.0
p257_179.wav,1.94,,0.111,-10.029,0.759,1.743,,2.94,2.904,3.394,3.709,3.552,3.977,3.012,4.272,3.19,2.723,0.25
p257_180.wav,1.95,,16.026,5.939,0.61,2.124,,3.129,2.785,3.231,3.656,3.713,2.89,3.242,3.867,2.891,2.761,0.0
p257_181.wav,2.196,,11.309,2.184,0.816,1.247,,3.397,3.318,3.639,4.04,3.873,3.355,4.087,4.349,3.451,2.75,0.0
p257_182.wav,2.29,,6.139,-2.125,0.849,1.537,2.72,3.137,2.855,3.408,3.404,3.212,4.018,3.516,4.0,3.177,2.744,0.286
p257_183.wav,1.615,,0.357,-10.833,0.516,1.067,,2.339,1.441,2.002,1.556,3.1,3.161,2.811,3.432,2.998,1.84,0.25
p257_184.wav,3.148,,17.109,10.021,0.958,3.468,4.61,3.58,3.155,3.45,3.995,3.894,4.059,3.976,4.819,3.747,3.378,0.0
p257_185.wav,2.247,,11.253,2.954,0.938,3.19,4.19,3.475,3.038,3.342,4.032,3.936,4.171,4.283,4.429,3.664,3.364,0.25
p257_186.wav,3.901,,7.261,0.663,0.951,3.124,4.21,3.592,3.145,3.501,3.959,4.379,3.7,4.031,4.799,3.714,3.425,0.111
p257_187.wav,1.675,,0.226,-8.296,0.862,2.518,,3.276,2.869,3.322,3.665,4.205,3.825,3.116,4.187,3.229,2.971,0.333
p257_188.wav,3.071,,17.246,8.679,0.826,2.283,3.46,3.374,2.841,3.436,3.298,3.416,3.272,3.962,4.122,3.01,2.124,0.0
p257_189.wav,2.235,,11.284,2.56,0.778,1.425,3.61,3.05,2.914,3.381,3.678,3.149,4.333,3.629,4.489,3.465,3.276,0.0
p257_190.wav,2.236,,9.138,0.842,0.651,1.361,2.5,2.856,2.578,3.636,2.732,3.224,3.601,3.935,4.558,2.989,2.451,0.5
p257_191.wav,2.985,,1.973,-4.44,0.662,1.114,1.9,2.92,2.082,2.922,2.17,3.308,2.574,3.564,3.765,2.713,1.882,0.5
p257_192.wav,1.626,,15.196,2.935,0.728,2.693,,2.935,2.748,3.094,3.805,3.479,3.006,3.824,3.707,3.089,2.791,0.0
p257_193.wav,2.559,,13.469,2.408,0.734,1.624,2.63,2.767,2.888,3.589,3.311,3.067,2.755,3.322,4.209,2.447,2.115,0.5
p257_194.wav,2.633,,7.41,0.648,0.799,1.348,3.24,2.727,2.912,3.555,3.386,2.884,3.141,3.444,4.095,2.257,1.936,0.333
p257_195.wav,1.91,,0.914,-9.726,0.528,1.101,,2.381,1.565,2.286,1.832,2.876,3.096,2.931,3.348,2.611,2.336,0.25
p257_196.wav,3.13,,16.477,8.822,0.988,2.268,4.42,3.492,3.207,3.478,4.109,3.86,3.938,4.267,4.69,3.474,3.123,0.1
p257_197.wav,1.664,,10.484,-0.076,0.864,2.607,,3.316,2.902,3.351,3.649,3.705,3.417,3.553,3.906,3.19,2.932,0.0
p257_198.wav,3.06,,6.457,0.7,0.934,2.714,3.93,3.531,3.143,3.559,3.839,3.675,3.732,4.109,4.622,3.75,3.169,0.111
p257_199.wav,4.225,,-3.118,-16.659,0.381,1.117,3.54,3.168,2.8,3.452,3.282,3.512,2.675,2.831,2.913,2.841,2.496,0.0
p257_200.wav,2.306,,16.856,8.592,0.877,2.511,4.08,3.347,3.18,3.478,4.076,3.358,4.804,4.106,4.484,3.547,3.314,0.286
p257_201.wav,2.117,,10.591,-1.353,0.713,2.131,,2.964,3.163,3.603,3.849,4.483,2.969,3.722,3.611,3.439,2.844,0.0
p257_202.wav,3.0,,5.723,-2.934,0.738,1.548,3.63,3.164,2.707,3.286,3.357,2.433,3.164,3.852,4.249,2.958,2.641,0.333
p257_203.wav,2.04,,1.074,-7.464,0.657,1.132,,2.619,2.388,3.233,2.643,4.066,3.456,3.441,4.159,2.963,2.079,0.2
p257_204.wav,1.589,,15.098,5.065,0.85,3.574,,2.824,2.67,2.989,3.922,3.509,3.518,3.501,3.718,3.598,3.391,0.0
p257_205.wav,2.25,,10.31,0.996,0.789,3.147,4.59,3.33,2.782,3.266,3.555,3.789,3.279,3.121,3.865,3.637,3.391,0.0
p257_206.wav,2.966,,6.413,1.149,0.905,3.214,4.52,3.587,3.176,3.506,3.964,3.837,4.87,4.266,4.646,3.813,3.558,0.0
p257_207.wav,3.53,,1.872,-5.682,0.873,1.548,3.14,3.24,2.71,3.584,2.953,3.372,3.506,3.105,3.68,3.145,2.99,0.0
p257_208.wav,1.752,,16.058,5.575,0.679,1.984,,2.996,2.939,3.56,3.456,3.626,3.134,3.862,3.646,3.09,2.621,0.0
p257_209.wav,1.819,,11.011,2.723,0.756,1.97,,3.151,2.623,3.34,3.104,3.853,4.001,4.27,3.77,3.528,3.043,0.0
p257_210.wav,2.513,,6.989,-3.326,0.596,1.329,2.56,2.894,2.647,3.425,3.073,3.492,3.104,3.449,3.631,2.618,2.024,0.0
p257_211.wav,1.924,,1.612,-9.894,0.347,1.115,,2.248,1.325,1.861,1.325,2.501,2.804,3.134,3.299,2.809,2.099,0.429
p257_212.wav,2.578,,18.636,9.33,0.933,2.218,2.44,2.994,2.851,3.336,3.667,4.002,3.254,3.687,4.437,3.004,2.768,0.375
p257_213.wav,1.698,,11.741,-1.068,0.553,1.808,,2.615,2.555,3.392,2.884,3.149,3.825,3.542,4.06,2.957,2.631,0.0
p257_214.wav,2.606,,7.176,-4.956,0.433,1.044,2.18,2.54,1.483,1.984,1.404,3.138,3.081,3.53,4.221,2.8,2.255,0.5
p257_215.wav,1.953,,2.323,-6.524,0.73,1.333,,2.856,2.726,3.386,3.228,3.301,2.946,3.674,3.793,2.717,2.029,0.0
p257_216.wav,3.138,,16.345,9.92,0.934,3.09,4.49,3.519,3.226,3.587,3.92,4.177,3.631,3.852,4.499,3.979,3.632,0.091
p257_217.wav,2.736,,11.43,5.072,0.922,2.819,3.91,3.292,3.194,3.508,4.006,3.442,3.684,3.895,4.466,3.009,2.515,0.222
p257_218.wav,2.268,,6.017,-2.109,0.771,2.088,2.96,2.973,3.135,3.538,3.856,3.544,3.749,3.451,4.403,3.091,2.765,0.2
p257_219.wav,3.032,,2.132,-3.006,0.831,1.845,3.21,3.337,3.077,3.555,3.738,3.103,2.593,3.945,3.97,2.663,2.072,0.077
p257_220.wav,1.847,,17.728,5.358,0.857,2.254,,2.821,2.711,3.055,3.801,3.209,4.178,4.078,3.925,2.997,2.803,0.0
p257_221.wav,2.03,,11.661,4.719,0.839,1.688,,3.324,3.31,3.755,3.868,4.147,2.886,3.629,4.356,3.082,2.638,0.0
p257_222.wav,2.321,,5.943,-1.279,0.705,1.45,3.2,3.011,2.555,2.971,3.574,3.295,3.39,4.114,4.343,3.078,2.595,0.0
p257_223.wav,4.251,,1.888,-2.763,0.811,1.331,2.57,3.131,2.962,3.579,3.39,2.935,3.023,3.266,4.057,2.848,2.17,0.083
p257_224.wav,3.075,,16.665,10.345,0.984,3.882,4.4,3.628,3.115,3.417,4.034,3.216,4.159,4.21,4.72,3.822,3.602,0.0
p257_225.wav,2.278,,11.493,4.934,0.945,3.551,4.41,3.267,3.001,3.327,3.91,3.384,3.927,4.178,4.408,3.509,2.972,0.25
p257_226.wav,1.984,,5.861,-3.958,0.88,2.7,,3.142,2.916,3.319,3.835,3.918,4.05,4.306,4.112,3.335,3.182,0.0
p257_227.wav,1.754,,0.605,-7.166,0.792,3.035,,3.324,3.099,3.598,3.674,4.243,3.701,4.12,4.481,3.834,3.488,0.0
p257_228.wav,1.623,,15.784,11.426,0.827,2.827,,3.246,3.328,3.614,4.061,3.397,4.028,4.188,3.631,2.882,2.484,0.2
p257_229.wav,2.192,,11.255,0.129,0.631,1.197,,2.588,2.488,3.559,2.533,3.387,4.637,3.635,4.023,3.577,2.666,0.167
p257_230.wav,3.262,,7.443,-0.768,0.673,1.382,2.42,2.847,2.547,3.503,2.743,3.579,3.089,3.297,3.737,2.995,2.191,0.182
p257_231.wav,3.159,,1.841,-7.584,0.481,1.067,1.48,2.412,1.574,2.233,1.53,3.274,2.621,3.679,3.688,2.846,2.088,0.5
p257_232.wav,3.745,,17.954,10.015,0.896,2.388,3.75,3.474,3.303,3.595,4.044,3.731,3.569,3.764,4.215,3.249,3.024,0.077
p257_233.wav,2.394,,11.604,1.58,0.762,2.405,3.98,3.247,3.431,3.74,4.039,3.945,3.046,4.248,4.186,3.092,2.864,0.0
p257_234.wav,3.464,,7.368,-1.11,0.692,1.234,2.62,2.535,2.601,3.54,2.708,2.775,3.231,3.439,3.935,2.718,2.277,0.0
p257_235.wav,2.253,,1.029,-8.713,0.587,1.099,1.92,2.272,1.955,2.856,2.113,2.834,3.116,3.354,3.701,2.501,1.991,0.0
p257_236.wav,3.559,,16.4,8.896,0.946,3.704,4.68,3.252,3.411,3.668,4.109,3.542,3.881,3.359,4.138,3.836,3.444,0.0
p257_237.wav,3.336,,11.604,4.511,0.961,2.936,4.23,3.668,3.199,3.532,3.992,3.613,4.294,3.765,3.777,3.582,3.212,0.0
p257_238.wav,2.114,,5.607,-2.146,0.866,2.235,,3.226,3.115,3.463,3.967,3.702,2.971,3.742,3.98,3.312,2.465,0.25
p257_239.wav,1.997,,0.877,-6.712,0.76,1.218,,3.036,2.759,3.456,3.235,3.649,2.109,3.274,3.88,2.436,1.896,0.0
p257_240.wav,2.93,,18.535,9.646,0.877,2.523,3.98,3.5,3.03,3.426,3.806,3.864,3.778,3.721,4.154,3.14,2.728,0.0
p257_241.wav,1.612,,10.665,1.77,0.849,1.234,,3.489,3.106,3.516,3.805,3.636,3.411,3.366,3.881,3.023,2.741,0.0
p257_242.wav,3.065,,6.879,-2.366,0.801,1.41,3.06,3.328,3.223,3.727,3.756,3.563,2.672,3.366,3.809,3.023,2.729,0.1
p257_243.wav,2.172,,1.462,-3.688,0.805,1.195,,3.181,2.283,2.972,2.85,3.633,2.792,3.454,3.604,3.276,2.237,0.0
p257_244.wav,2.608,,16.264,7.72,0.969,3.852,4.37,3.359,3.146,3.483,3.943,3.818,3.896,4.17,4.876,3.607,3.199,0.0
p257_245.wav,2.83,,11.71,5.451,0.933,3.266,3.84,3.469,3.155,3.551,3.848,4.066,3.967,3.984,4.661,4.222,3.676,0.0
p257_246.wav,2.669,,6.434,-0.215,0.902,2.868,3.76,3.529,3.127,3.606,3.739,4.446,3.835,4.368,4.058,3.696,3.295,0.091
p257_247.wav,3.09,,1.361,-5.038,0.787,1.94,3.35,3.423,2.654,3.506,3.016,2.549,3.155,3.097,3.204,3.118,2.92,0.111
p257_248.wav,3.139,,16.46,10.948,0.931,1.933,4.26,3.539,3.375,3.659,4.111,3.882,4.43,3.798,3.761,3.739,3.537,0.111
p257_249.wav,1.603,,11.774,4.024,0.804,2.207,,3.398,2.572,3.104,3.328,4.277,3.403,3.916,3.836,3.19,2.971,0.0
p257_250.wav,2.574,,6.695,1.054,0.802,1.667,3.32,3.132,3.025,3.52,3.693,3.791,3.46,3.456,3.83,3.352,2.822,0.0
p257_251.wav,3.049,,1.953,-2.758,0.707,1.173,2.15,2.906,2.725,3.575,2.962,3.172,3.701,3.57,4.024,2.953,2.521,0.182
p257_252.wav,2.108,,16.593,5.162,0.706,1.947,,2.942,2.851,3.552,3.241,3.533,4.7,3.843,4.506,3.175,2.841,0.0
p257_253.wav,2.812,,12.01,1.937,0.748,1.739,2.75,2.79,2.791,3.478,3.204,3.788,3.644,3.551,4.115,3.262,2.592,0.0
p257_254.wav,2.17,,7.849,1.106,0.778,1.869,,2.91,3.251,3.624,3.96,3.13,3.766,4.002,4.42,2.719,2.371,0.0
p257_255.wav,2.432,,1.144,-9.417,0.515,1.212,2.66,2.468,2.401,3.383,2.473,3.109,3.018,3.27,4.119,2.647,1.934,0.111
p257_256.wav,3.171,,16.409,8.621,0.965,3.214,4.34,3.661,3.456,3.701,4.167,4.244,4.299,4.027,4.042,4.149,3.751,0.0
p257_257.wav,1.973,,10.662,1.377,0.88,2.395,,2.922,3.151,3.52,3.925,4.232,3.901,4.305,3.853,3.058,2.807,0.0
p257_258.wav,3.958,,6.58,0.88,0.895,2.614,3.47,3.444,2.975,3.503,3.578,3.936,4.034,4.049,4.003,3.321,2.85,0.0
p257_259.wav,1.443,,0.058,-9.314,0.771,1.278,,2.856,2.957,3.385,3.788,3.641,3.499,3.589,3.369,3.204,2.741,0.0
p257_260.wav,2.71,,17.67,7.596,0.729,2.351,3.33,3.461,3.373,3.719,3.912,3.987,3.734,3.617,3.945,3.567,3.217,0.0
p257_261.wav,2.674,,13.03,7.287,0.879,2.149,3.01,3.237,3.008,3.53,3.601,3.108,3.095,3.556,3.626,2.995,2.118,0.125
p257_262.wav,3.458,,7.944,2.296,0.875,1.489,2.88,3.203,2.978,3.538,3.45,3.634,3.143,3.853,3.519,2.697,2.249,0.182
p257_263.wav,2.05,,0.541,-11.552,0.457,1.085,,2.729,1.135,1.242,1.177,2.938,2.558,3.269,3.584,3.011,1.962,1.0
p257_264.wav,1.41,,14.601,0.669,0.765,2.652,,3.227,2.845,3.323,3.6,4.421,3.637,3.345,4.09,3.425,3.251,0.0
p257_265.wav,2.739,,11.378,4.021,0.951,3.194,4.28,3.586,3.065,3.402,3.922,3.832,3.736,4.028,4.44,3.633,3.203,0.0
p257_266.wav,2.54,,6.124,-3.511,0.843,1.871,3.25,3.16,3.434,3.782,4.021,3.518,3.566,3.748,3.822,3.189,2.912,0.667
p257_267.wav,1.758,,0.805,-12.527,0.765,1.173,,2.892,2.195,2.95,2.506,2.572,3.18,3.204,3.761,2.866,2.767,0.5
p257_268.wav,2.551,,17.64,8.007,0.806,2.506,3.08,3.038,3.161,3.545,3.848,3.286,3.097,3.507,3.664,2.779,2.553,0.0
p257_269.wav,1.734,,10.957,4.561,0.748,1.525,,3.119,2.712,3.157,3.573,3.908,3.204,3.393,3.568,3.467,2.631,0.0
p257_270.wav,2.551,,7.492,-1.007,0.607,1.169,2.63,2.876,2.377,3.271,2.642,2.864,2.772,3.452,3.657,2.676,2.025,0.0
p257_271.wav,2.915,,2.592,-7.595,0.451,1.151,1.5,2.226,1.134,1.233,1.103,3.299,2.982,3.107,3.0,2.374,1.934,0.545
p257_272.wav,1.966,,15.289,4.134,0.755,2.44,,3.475,2.786,3.232,3.582,3.658,3.315,3.283,3.671,3.631,3.293,0.25
p257_273.wav,2.123,,11.138,-0.829,0.734,1.22,,2.899,3.05,3.678,3.44,2.841,4.629,4.43,4.686,3.605,2.943,0.0
p257_274.wav,1.831,,5.461,-7.399,0.541,1.095,,2.515,1.15,1.246,1.214,2.702,4.052,3.256,3.92,2.859,2.504,0.75
p257_275.wav,3.107,,1.917,-5.914,0.72,1.179,2.17,2.603,2.725,3.582,2.913,3.443,2.551,2.947,3.536,2.585,2.38,0.167
p257_276.wav,2.307,,13.492,1.403,0.643,2.574,3.46,2.934,2.738,3.056,3.906,4.518,3.147,4.015,3.923,3.404,3.222,0.0
p257_277.wav,2.621,,11.374,4.42,0.902,2.433,3.66,3.238,3.234,3.587,3.933,2.964,4.076,4.079,4.061,3.051,2.397,0.111
p257_278.wav,3.154,,6.119,-2.376,0.919,2.527,3.4,3.155,3.121,3.49,3.892,3.821,3.189,3.997,4.427,2.759,2.331,0.182
p257_279.wav,3.647,,1.545,-5.238,0.934,2.292,3.54,3.243,3.194,3.612,3.867,3.31,2.763,3.606,4.208,2.754,2.419,0.0
p257_280.wav,2.465,,16.246,8.353,0.919,2.731,3.65,3.409,3.43,3.67,4.16,4.13,3.51,3.773,4.167,3.934,3.596,0.2
p257_281.wav,1.414,,10.863,1.071,0.764,1.224,,2.901,2.731,3.224,3.486,3.934,3.732,3.164,4.021,3.46,3.045,0.0
p257_282.wav,1.933,,5.812,-4.066,0.667,1.291,,3.174,2.557,3.479,2.749,3.774,3.023,3.219,3.691,2.811,2.205,0.0
p257_283.wav,2.821,,1.505,-5.019,0.843,1.433,2.62,3.177,3.044,3.669,3.469,2.565,2.762,3.831,4.058,2.925,2.277,0.182
p257_284.wav,3.235,,16.477,13.542,0.928,2.764,4.02,3.537,3.174,3.485,3.936,3.531,4.04,3.665,4.427,3.707,3.326,0.0
p257_285.wav,1.451,,10.396,-1.555,0.837,2.931,,3.2,2.819,3.198,3.79,3.808,3.944,3.966,4.325,3.811,3.506,0.0
p257_286.wav,2.488,,6.062,-0.809,0.911,2.816,4.38,3.276,3.127,3.47,4.011,4.03,4.452,4.235,4.063,3.736,3.2,0.286
p257_287.wav,1.892,,0.194,-10.346,0.791,2.185,,2.994,3.178,3.598,3.871,3.627,3.005,3.468,3.602,3.38,2.821,0.0
p257_288.wav,2.83,,16.097,4.448,0.576,1.852,2.52,2.913,2.594,3.504,2.795,3.697,3.768,3.577,4.157,3.243,2.679,0.0
p257_289.wav,2.93,,13.03,1.508,0.707,1.799,2.73,2.936,3.038,3.659,3.466,3.496,2.472,3.88,3.337,2.88,2.387,0.0
p257_290.wav,2.341,,6.98,-2.202,0.59,1.314,2.61,2.703,2.191,3.413,2.11,3.032,3.844,3.012,3.897,2.73,1.766,0.0
p257_291.wav,1.7,,-1.288,-14.147,0.366,1.038,,2.699,1.125,1.381,1.103,3.478,3.674,3.508,3.938,2.984,1.808,1.0
p257_292.wav,2.927,,17.669,11.28,0.916,2.999,4.37,3.589,3.303,3.571,4.107,3.815,4.529,4.32,4.193,3.286,2.828,0.0
p257_293.wav,2.349,,10.792,-1.338,0.514,1.377,3.02,2.765,2.711,3.506,2.95,3.818,3.714,3.026,3.863,3.472,2.719,0.0
p257_294.wav,1.998,,6.339,-3.312,0.772,1.259,,2.995,3.089,3.662,3.506,3.897,3.328,4.259,3.474,2.848,2.862,0.0
p257_295.wav,1.698,,1.218,-10.884,0.503,1.084,,2.267,1.106,1.195,1.168,2.713,3.354,2.864,3.703,2.358,1.578,0.5
p257_296.wav,3.056,,15.81,7.607,0.912,3.108,4.48,3.305,3.224,3.506,4.094,3.984,3.833,4.131,4.678,3.577,3.409,0.0
p257_297.wav,3.343,,11.281,4.406,0.958,2.927,4.17,3.215,3.099,3.487,3.85,4.032,3.846,3.754,4.296,4.021,3.493,0.0
p257_298.wav,2.608,,5.852,-0.729,0.837,2.243,3.89,3.125,3.139,3.539,3.87,3.417,2.869,3.899,3.777,3.081,2.583,0.0
p257_299.wav,3.018,,1.535,-4.813,0.923,1.352,3.71,3.248,2.922,3.474,3.499,2.824,3.741,3.953,4.179,3.418,2.513,0.091
p257_300.wav,1.666,,16.481,5.333,0.789,2.443,,3.054,3.28,3.535,4.084,3.302,3.031,3.832,4.401,2.866,2.499,0.0
p257_301.wav,2.606,,11.96,1.916,0.684,2.561,3.44,3.067,3.207,3.56,4.002,3.359,2.746,3.767,3.727,3.109,2.561,0.0
p257_302.wav,2.305,,5.956,-6.127,0.771,1.252,3.28,2.821,2.823,3.381,3.443,3.56,2.493,3.262,3.501,2.865,2.509,0.0
p257_303.wav,2.008,,1.323,-7.581,0.644,1.089,,2.598,2.42,3.525,2.442,2.832,2.699,3.231,3.573,2.81,1.824,0.0
p257_304.wav,1.743,,15.776,7.007,0.91,4.26,,3.024,3.096,3.412,4.004,2.908,3.718,3.674,4.347,3.133,2.725,0.333
p257_305.wav,1.893,,10.71,0.005,0.815,2.171,,3.245,2.934,3.42,3.665,3.791,3.89,4.003,3.961,3.566,3.324,0.0
p257_306.wav,1.666,,6.647,2.313,0.849,2.788,,3.044,2.966,3.37,3.774,2.888,2.97,3.971,4.424,3.061,2.752,0.0
p257_307.wav,3.133,,1.639,-7.695,0.911,1.956,3.61,3.163,2.794,3.371,3.424,3.677,2.876,3.975,4.33,3.268,2.308,0.1
p257_308.wav,2.325,,17.325,9.414,0.884,2.08,3.77,3.058,3.009,3.46,3.726,4.022,3.62,3.658,4.455,3.524,3.185,0.0
p257_309.wav,1.71,,10.56,-1.582,0.533,1.136,,2.708,2.994,3.511,3.575,3.677,3.287,3.591,4.228,3.11,2.627,0.0
p257_310.wav,1.567,,6.327,-5.559,0.564,1.061,,2.628,2.093,2.914,2.259,2.905,3.29,2.928,3.595,2.717,1.936,0.0
p257_311.wav,2.558,,2.664,-6.669,0.522,1.078,2.05,2.464,1.31,1.781,1.33,3.142,2.649,3.516,3.628,2.767,2.05,0.571
p257_312.wav,1.715,,17.594,6.781,0.818,2.012,,2.919,3.041,3.581,3.643,3.248,3.748,3.49,3.6,2.552,2.159,0.2
p257_313.wav,2.439,,11.514,0.614,0.775,1.342,3.66,3.104,2.98,3.368,3.807,3.761,2.718,3.737,3.723,2.659,2.422,0.0
p257_314.wav,3.254,,9.129,2.192,0.862,2.123,3.1,3.359,3.023,3.338,3.953,3.56,3.326,4.235,4.315,2.867,2.275,0.0
p257_315.wav,1.668,,0.908,-12.412,0.321,1.056,,2.197,2.057,3.281,1.961,2.507,3.019,3.448,3.741,2.234,1.511,0.5
p257_316.wav,1.836,,15.764,7.043,0.912,3.099,,3.214,2.883,3.208,3.926,3.366,3.66,4.019,3.929,3.463,3.124,0.0
p257_317.wav,1.75,,10.849,1.302,0.914,3.096,,3.369,3.073,3.422,3.9,4.026,3.339,3.608,4.212,3.172,2.919,0.0
p257_318.wav,2.38,,5.485,-3.901,0.773,2.35,3.99,3.134,2.699,3.118,3.789,4.185,3.156,3.603,3.913,3.946,3.078,0.0
p257_319.wav,2.954,,1.443,-3.168,0.875,1.36,3.39,3.39,3.005,3.637,3.41,3.156,3.26,3.579,3.73,2.623,2.4,0.0
p257_320.wav,2.824,,16.724,11.178,0.929,2.996,3.76,3.498,3.269,3.641,3.891,3.39,4.133,3.614,4.04,3.662,3.177,0.111
p257_321.wav,1.955,,10.892,4.559,0.763,1.484,,3.537,2.685,3.323,3.356,4.067,3.396,4.047,3.366,3.138,2.874,0.0
p257_322.wav,1.818,,5.709,-5.211,0.755,1.3,,3.151,2.839,3.584,3.17,2.914,3.6,3.678,4.263,3.167,2.487,0.0
p257_323.wav,1.738,,1.539,-7.569,0.661,1.136,,3.028,2.909,3.648,3.166,3.603,2.858,2.861,3.568,2.758,2.023,0.0
p257_324.wav,3.521,,16.607,10.664,0.968,3.978,4.75,3.372,3.244,3.561,3.995,3.622,4.339,4.087,4.699,4.173,3.764,0.0
p257_325.wav,2.034,,10.428,1.003,0.903,3.079,,3.437,2.809,3.122,3.901,3.648,3.642,3.82,4.365,3.556,3.215,0.0
p257_326.wav,1.737,,6.114,-2.843,0.878,2.733,,3.084,2.868,3.212,3.841,3.665,3.809,4.113,3.978,3.298,2.985,0.0
p257_327.wav,1.592,,0.318,-9.72,0.711,1.741,,2.98,1.46,1.867,1.942,3.516,2.935,3.919,3.707,3.083,2.35,0.0
p257_328.wav,1.452,,15.708,5.068,0.791,2.625,,3.111,3.122,3.418,4.048,4.241,3.626,4.033,4.431,3.231,2.753,0.667
p257_329.wav,1.574,,11.888,1.025,0.662,1.615,,3.128,2.402,3.249,2.666,3.302,3.07,3.141,4.443,3.044,2.875,0.0
p257_330.wav,2.649,,7.199,2.187,0.885,1.421,3.78,3.204,3.133,3.59,3.689,3.511,3.332,3.574,3.392,3.078,2.72,0.0
p257_331.wav,2.076,,1.671,-7.658,0.465,1.06,,2.52,1.132,1.223,1.136,3.277,3.099,3.39,3.525,2.558,2.241,1.0
p257_332.wav,2.834,,16.847,7.859,0.834,1.914,3.07,3.134,3.218,3.586,3.859,2.711,3.486,3.833,4.534,2.795,2.077,0.091
p257_333.wav,2.311,,13.36,3.375,0.918,2.679,4.23,3.357,2.938,3.367,3.799,2.945,4.022,4.357,4.552,2.536,2.107,0.0
p257_334.wav,2.519,,6.203,-5.526,0.699,1.603,3.21,2.835,2.997,3.618,3.429,3.146,3.074,3.098,3.883,2.858,2.254,0.0
p257_335.wav,1.582,,0.872,-8.225,0.576,1.142,,2.302,2.502,3.45,2.612,2.851,3.616,2.984,3.783,2.389,1.997,0.0
p257_336.wav,3.192,,16.314,7.587,0.97,2.32,4.39,3.48,3.287,3.553,4.131,3.839,4.297,4.271,4.749,3.886,3.489,0.0
p257_337.wav,2.11,,9.811,0.286,0.673,2.074,,3.21,2.945,3.302,3.884,3.883,3.636,3.953,4.101,3.153,2.923,0.0
p257_338.wav,2.65,,6.001,-0.994,0.842,2.667,4.01,3.437,3.094,3.574,3.769,3.867,3.156,3.611,3.859,3.444,2.971,0.375
p257_339.wav,3.274,,1.562,-5.779,0.93,1.799,3.58,3.06,3.05,3.453,3.825,3.454,3.094,4.004,4.566,3.639,2.927,0.091
p257_340.wav,1.852,,15.538,7.904,0.833,2.836,,3.588,2.995,3.37,3.845,3.256,4.501,3.505,3.926,3.682,3.177,0.0
p257_341.wav,2.406,,13.645,5.634,0.938,1.94,3.45,3.28,3.377,3.666,4.082,3.115,3.288,4.137,4.252,3.132,2.701,0.0
p257_342.wav,1.998,,5.852,-2.787,0.76,1.326,,3.076,2.961,3.606,3.425,3.815,2.535,4.24,4.11,3.326,2.896,0.0
p257_343.wav,2.984,,1.881,-5.441,0.773,1.207,2.6,3.131,2.828,3.531,3.266,3.466,3.213,3.785,3.614,3.181,2.55,0.111
p257_344.wav,1.899,,15.92,9.971,0.915,3.477,,3.417,3.339,3.657,4.042,3.864,3.71,3.288,4.131,3.71,3.19,0.0
p257_345.wav,2.935,,11.362,5.885,0.927,3.599,4.42,3.604,3.034,3.348,3.995,4.156,4.272,4.195,4.529,3.649,3.196,0.0
p257_346.wav,2.223,,6.139,-2.086,0.854,1.965,3.66,3.131,2.749,3.452,3.222,3.458,4.021,3.836,3.991,3.032,2.568,0.0
p257_347.wav,3.056,,1.535,-7.275,0.84,1.953,2.67,3.071,2.543,3.451,2.832,3.765,3.461,3.421,3.706,2.87,2.173,0.0
p257_348.wav,2.042,,16.682,5.788,0.848,2.234,,3.09,2.943,3.45,3.525,3.033,3.256,3.658,4.505,3.345,2.836,0.0
p257_349.wav,2.628,,13.489,4.716,0.803,1.35,2.56,3.069,2.848,3.612,3.125,3.28,3.912,3.639,4.103,2.824,2.522,0.286
p257_350.wav,2.776,,7.667,1.514,0.727,1.407,2.27,2.846,3.04,3.631,3.421,4.254,3.229,3.752,4.158,3.203,2.52,0.2
p257_351.wav,2.815,,1.844,-5.931,0.528,1.079,1.54,2.475,1.111,1.203,1.121,3.003,3.837,3.196,4.035,2.731,1.653,0.0
p257_352.wav,2.114,,18.117,8.114,0.874,2.755,,3.279,2.93,3.275,3.922,4.182,3.83,4.824,4.16,3.822,3.296,0.0
p257_353.wav,1.641,,11.608,0.516,0.667,1.137,,2.864,2.616,3.36,3.101,3.049,3.358,3.305,4.147,2.758,2.309,0.0
p257_354.wav,2.051,,5.519,-6.161,0.507,1.188,,2.551,2.639,3.527,2.867,2.608,3.88,3.331,3.929,2.833,2.186,0.0
p257_355.wav,1.952,,2.037,-6.677,0.626,1.138,,2.647,1.977,2.735,2.223,2.39,3.136,3.358,3.501,2.291,1.861,0.0
p257_356.wav,2.187,,15.674,8.17,0.952,1.792,,3.512,3.281,3.594,4.013,4.111,3.585,3.807,4.129,3.968,3.611,0.286
p257_357.wav,2.147,,10.911,2.723,0.987,3.276,,3.391,2.803,3.185,3.734,3.976,3.405,3.922,3.733,3.593,3.328,0.0
p257_358.wav,3.596,,6.647,1.006,0.941,3.175,4.42,3.772,3.116,3.52,3.852,3.267,3.484,3.437,4.373,3.298,2.899,0.0
p257_359.wav,2.513,,1.076,-6.605,0.885,1.849,3.61,3.231,2.924,3.494,3.496,3.07,3.003,3.615,4.141,2.962,2.603,0.0
p257_360.wav,2.821,,18.212,11.062,0.934,2.698,4.66,3.411,3.152,3.556,3.806,3.694,3.271,4.358,4.043,3.587,3.288,0.0
p257_361.wav,1.449,,10.164,0.101,0.825,1.445,,2.945,2.987,3.366,3.85,3.875,3.305,3.373,3.57,3.238,2.94,0.0
p257_362.wav,1.884,,5.837,-6.065,0.714,1.122,,2.861,2.733,3.535,2.962,2.64,2.955,3.32,3.957,2.535,2.363,0.0
p257_363.wav,2.077,,0.682,-9.823,0.557,1.144,,2.802,2.921,3.568,3.302,3.653,2.68,3.247,3.556,2.955,2.338,0.0
p257_364.wav,3.185,,17.053,14.689,0.98,4.025,4.75,3.693,3.242,3.554,4.05,4.095,4.2,3.963,4.549,4.096,3.654,0.0
p257_365.wav,2.099,,10.513,2.671,0.933,3.226,,3.415,3.107,3.511,3.862,4.198,3.734,3.366,4.656,4.215,3.825,0.0
p257_366.wav,3.365,,6.769,2.085,0.956,1.913,4.26,3.539,3.04,3.487,3.753,3.668,4.339,3.935,4.761,4.083,3.489,0.0
p257_367.wav,3.244,,1.742,-3.312,0.892,1.277,3.22,2.828,2.856,3.378,3.502,3.477,2.867,3.906,3.975,3.443,2.792,0.0
p257_368.wav,2.098,,17.208,6.731,0.832,2.437,,3.196,2.947,3.503,3.481,2.965,4.24,4.042,3.874,3.024,2.6,0.0
p257_369.wav,2.284,,10.755,1.941,0.818,2.68,3.25,3.381,3.132,3.491,3.94,4.051,3.544,4.0,3.639,3.282,3.074,0.167
p257_370.wav,2.216,,7.043,-4.036,0.593,1.367,2.57,2.618,1.167,1.338,1.216,3.182,3.076,3.329,3.863,2.296,1.624,0.0
p257_371.wav,1.639,,0.578,-4.427,0.72,1.242,,3.081,2.353,3.072,3.104,2.953,3.337,3.546,3.631,2.528,2.256,0.0
p257_372.wav,2.01,,15.986,7.083,0.881,2.662,,3.162,2.837,3.357,3.553,3.898,4.351,3.674,4.006,3.174,3.105,0.167
p257_373.wav,1.413,,12.098,4.081,0.849,1.197,,3.39,2.955,3.347,3.81,3.749,3.623,3.891,3.847,2.844,2.558,0.0
p257_374.wav,2.581,,5.946,-2.176,0.84,1.353,3.05,3.006,2.97,3.431,3.725,2.882,3.425,3.408,4.022,2.877,2.364,0.0
p257_375.wav,2.895,,2.444,-5.45,0.485,1.047,1.42,2.345,2.068,3.291,2.092,2.731,2.656,3.401,3.614,2.286,1.738,0.182
p257_376.wav,2.27,,16.659,8.791,0.803,3.223,4.0,3.384,3.057,3.351,4.025,2.842,4.121,3.202,4.352,3.339,3.047,0.0
p257_377.wav,2.689,,11.033,3.847,0.891,3.054,4.53,3.671,3.269,3.516,4.104,4.113,3.945,3.602,4.351,3.648,3.328,0.0
p257_378.wav,1.72,,4.691,-6.781,0.601,1.862,,2.614,3.004,3.49,3.723,3.8,3.289,2.92,4.222,4.248,3.635,0.0
p257_379.wav,3.518,,1.356,-5.008,0.874,1.936,3.06,3.365,3.03,3.627,3.483,3.294,3.543,3.275,4.325,3.439,2.888,0.0
p257_380.wav,2.221,,16.448,8.844,0.918,2.168,3.73,3.28,3.185,3.569,3.881,3.619,4.183,3.61,3.831,3.527,3.071,0.286
p257_381.wav,3.037,,12.004,2.864,0.792,1.917,3.24,3.33,2.992,3.561,3.452,3.81,3.385,3.663,4.082,3.393,2.787,0.111
p257_382.wav,1.881,,6.074,-4.739,0.638,1.098,,3.026,2.86,3.622,3.251,2.795,3.361,3.441,4.0,2.704,2.119,0.0
p257_383.wav,3.437,,1.983,-6.392,0.798,1.364,2.65,2.894,1.504,2.162,1.392,3.41,2.749,3.175,3.634,3.075,2.178,0.2
p257_384.wav,2.78,,15.783,8.18,0.937,3.385,4.75,3.576,3.348,3.615,4.146,3.344,4.082,3.676,4.031,4.025,3.716,0.0
p257_385.wav,2.215,,11.508,3.44,0.859,2.865,4.42,3.235,3.271,3.57,4.054,3.581,3.741,4.114,4.293,3.307,3.076,0.0
p257_386.wav,2.179,,5.471,-3.343,0.889,2.788,,3.506,2.96,3.392,3.807,4.315,3.875,4.02,3.914,3.419,3.16,0.167
p257_387.wav,1.434,,-0.684,-12.483,0.689,1.173,,3.291,2.916,3.485,3.579,3.994,2.987,3.384,3.473,2.956,2.73,0.0
p257_388.wav,1.684,,16.095,6.425,0.842,1.293,,3.182,2.811,3.184,3.783,3.781,4.06,4.019,3.848,3.379,2.889,0.0
p257_389.wav,3.36,,12.857,5.1,0.871,2.058,3.11,3.046,2.781,3.306,3.514,3.392,3.664,3.886,4.333,3.087,2.49,0.083
p257_390.wav,1.537,,6.247,-4.158,0.626,1.31,,2.745,2.574,3.732,2.602,3.07,3.87,3.221,4.119,2.906,2.273,0.0
p257_391.wav,2.307,,1.678,-2.938,0.612,1.28,2.68,3.249,2.782,3.318,3.441,2.769,2.816,3.864,3.551,2.748,2.154,0.0
p257_392.wav,2.437,,17.467,9.033,0.894,2.543,3.05,3.162,2.867,3.151,3.921,3.508,3.815,4.298,4.519,2.897,2.617,0.0
p257_393.wav,2.348,,11.57,3.349,0.827,1.958,3.6,3.083,3.362,3.751,3.898,3.748,4.268,3.928,3.808,3.126,2.91,0.0
p257_394.wav,2.883,,6.905,-1.048,0.913,1.979,3.61,3.007,3.166,3.589,3.775,3.685,3.564,3.597,4.101,3.496,3.038,0.0
p257_395.wav,2.347,,1.246,-8.805,0.548,1.231,2.56,2.438,1.172,1.504,1.289,3.304,3.667,3.731,3.72,2.807,2.243,0.286
p257_396.wav,1.724,,15.712,8.103,0.939,3.312,,3.386,2.787,3.111,3.873,3.729,4.092,3.636,3.983,3.338,3.086,0.25
p257_397.wav,1.88,,10.362,1.038,0.925,3.245,,3.352,3.147,3.453,4.052,3.311,3.862,3.595,4.177,3.454,3.084,0.0
p257_398.wav,1.58,,5.461,-3.101,0.722,1.247,,2.756,2.889,3.347,3.739,3.89,3.623,3.794,3.874,3.074,2.482,0.0
p257_399.wav,2.785,,1.777,-5.527,0.918,1.985,3.54,3.297,2.805,3.535,3.171,3.744,3.274,3.442,4.433,3.127,2.464,0.0
p257_400.wav,1.904,,16.022,6.756,0.764,2.891,,3.303,3.173,3.576,3.843,3.594,4.312,3.858,3.653,3.598,2.927,0.0
p257_401.wav,1.774,,11.428,1.107,0.738,1.175,,3.269,2.965,3.589,3.373,3.884,3.718,3.597,4.165,3.386,2.937,0.333
p257_402.wav,3.001,,6.759,1.856,0.829,1.668,3.61,3.517,3.08,3.598,3.692,3.687,3.436,3.83,4.009,3.08,2.899,0.167
p257_403.wav,2.122,,1.108,-8.247,0.735,1.328,,3.209,2.808,3.401,3.447,3.422,3.392,3.304,3.986,3.168,2.282,0.0
p257_404.wav,2.41,,15.12,7.013,0.835,3.633,4.51,3.208,3.139,3.472,3.967,3.839,2.917,3.999,3.906,3.068,2.761,0.0
p257_405.wav,2.053,,19.658,9.305,0.848,2.341,,3.305,3.189,3.508,3.929,3.644,4.199,4.277,4.872,3.321,2.941,0.0
p257_406.wav,2.8,,6.496,0.523,0.93,3.501,4.66,3.264,3.136,3.531,3.849,3.856,3.373,3.818,3.816,3.473,3.145,0.0
p257_407.wav,2.519,,1.348,-5.434,0.88,1.415,3.73,3.798,2.977,3.393,3.857,2.74,4.131,3.726,3.679,3.34,2.691,0.143
p257_408.wav,2.38,,17.609,7.276,0.802,2.021,3.27,2.962,3.06,3.53,3.581,3.187,3.399,3.781,4.249,3.194,2.905,0.0
p257_409.wav,1.882,,10.998,-0.978,0.722,2.058,,3.124,3.045,3.52,3.616,3.789,3.296,3.564,3.462,2.893,2.82,0.0
p257_410.wav,3.581,,6.813,0.55,0.811,1.297,2.63,3.236,3.055,3.536,3.611,3.596,3.135,3.874,4.233,3.386,2.497,0.111
p257_411.wav,3.171,,2.038,-2.293,0.702,1.101,2.41,2.696,2.425,3.487,2.506,3.484,2.857,3.811,3.711,2.563,2.035,0.0
p257_412.wav,1.907,,15.781,4.678,0.88,1.604,,3.003,3.236,3.602,3.952,3.526,3.998,3.449,4.261,3.208,3.013,0.0
p257_413.wav,2.036,,12.37,3.658,0.815,2.113,,3.243,3.121,3.589,3.675,3.419,3.241,3.687,4.029,3.279,2.749,0.0
p257_414.wav,1.847,,6.744,-2.304,0.749,1.783,,2.679,2.826,3.529,3.286,3.21,3.098,3.399,3.846,2.751,2.339,0.0
p257_415.wav,1.977,,0.76,-10.215,0.599,1.133,,2.634,2.212,3.23,2.242,2.888,3.865,3.303,3.64,2.874,2.343,0.0
p257_416.wav,2.182,,15.974,7.465,0.968,3.422,,3.37,3.289,3.62,4.051,4.292,3.872,4.193,3.98,3.764,3.282,0.0
p257_417.wav,1.661,,10.389,-1.683,0.975,3.221,,3.46,2.904,3.36,3.696,4.27,3.595,3.722,4.352,3.577,3.255,0.0
p257_418.wav,2.687,,6.298,-1.59,0.858,1.981,3.03,3.298,3.018,3.375,3.926,3.513,3.53,3.779,3.954,2.673,2.388,0.0
p257_419.wav,2.304,,1.037,-6.441,0.844,2.031,3.27,3.194,3.127,3.633,3.659,3.178,3.358,3.521,3.664,2.784,2.365,0.0
p257_420.wav,1.611,,15.815,5.417,0.865,2.549,,3.242,3.202,3.492,4.055,3.809,4.082,4.232,3.778,3.33,3.135,0.0
p257_421.wav,1.586,,10.528,2.417,0.747,2.409,,3.225,3.028,3.421,3.884,3.976,3.783,3.5,4.311,3.652,3.241,0.0
p257_422.wav,3.068,,9.237,1.625,0.783,1.767,2.59,3.02,2.942,3.624,3.255,2.872,3.286,3.745,3.719,2.64,2.102,0.0
p257_423.wav,1.953,,0.827,-8.769,0.728,1.116,,2.844,2.746,3.378,3.329,2.924,2.485,2.976,3.75,2.783,2.343,0.0
p257_424.wav,3.435,,16.784,9.228,0.926,1.735,3.98,3.299,3.236,3.542,4.029,3.814,4.313,4.095,4.674,3.374,3.24,0.0
p257_425.wav,1.624,,4.771,-3.727,0.76,2.902,,3.164,2.991,3.368,3.9,3.198,2.872,3.374,3.281,3.053,3.026,0.0
p257_426.wav,2.298,,1.895,-7.331,0.64,1.173,2.14,2.274,2.074,3.222,2.015,3.218,3.544,2.96,3.876,3.116,2.575,0.4
p257_427.wav,1.924,,4.423,-3.985,0.524,1.065,,2.532,2.07,3.335,1.944,3.019,3.497,3.254,3.498,3.103,2.259,0.0
p257_428.wav,2.43,,11.268,2.764,0.927,3.001,4.36,3.627,2.937,3.342,3.763,3.734,4.357,3.593,4.358,3.851,3.463,0.0
p257_429.wav,1.391,,10.706,1.528,0.618,1.672,,2.879,2.611,3.362,3.014,2.928,3.942,3.411,4.389,2.606,2.253,0.0
p257_430.wav,3.415,,7.07,-0.94,0.723,1.476,2.84,2.788,2.498,3.474,2.703,2.662,3.035,3.337,3.993,2.53,1.954,0.0
p257_431.wav,2.412,,9.24,1.583,0.774,1.392,2.98,3.027,3.019,3.549,3.565,3.274,3.108,3.861,3.878,2.41,2.049,0.111
p257_432.wav,2.21,,11.105,-0.296,0.601,1.086,3.26,3.079,2.993,3.457,3.676,2.594,2.64,3.576,3.632,2.418,2.138,0.4
p257_433.wav,2.311,,10.319,-0.089,0.797,2.679,3.68,2.904,2.872,3.241,3.823,3.633,3.327,4.023,4.038,3.263,2.879,0.167
p257_434.wav,2.084,,0.262,-9.892,0.749,2.34,,3.304,2.826,3.387,3.562,3.374,3.443,3.787,3.929,2.622,2.5,0.0
