FILENAME,DURATION,INPUT_SNR,SI-SDR,SSNR,ESTOI,PESQ_WB,DNSMOS_P808,DNSMOS_OVRL,DNSMOS_SIG,DNSMOS_BAK,MOS_COL,MOS_DISC,MOS_LOUD,MOS_REVERB,MOS_SIG,MOS_OVRL,WER_QuartzNet15x5Base-En
p232_001.wav,1.741,,15.391,5.681,0.836,2.732,3.477,3.355,3.62,4.099,3.741,3.504,3.44,3.71,3.453,3.174,0.0
p232_002.wav,2.715,,12.95,8.312,0.945,2.916,3.65,3.343,3.631,4.044,3.809,4.219,4.021,4.418,3.574,3.356,0.0
p232_003.wav,7.185,,7.857,2.176,0.926,2.81,3.764,3.14,3.486,3.917,3.489,3.997,3.9,4.437,3.503,3.219,0.05
p232_005.wav,6.247,,3.764,2.111,0.749,1.357,3.208,2.513,3.508,2.636,3.422,3.537,3.272,3.727,2.629,2.54,0.0
p232_006.wav,5.104,,17.315,10.346,0.88,2.318,3.802,3.024,3.626,3.437,3.954,3.737,4.128,4.12,3.814,3.358,0.059
p232_007.wav,3.956,,12.519,6.147,0.847,1.819,3.881,3.097,3.526,3.745,4.193,3.157,4.413,3.934,3.787,3.361,0.25
p232_009.wav,4.158,,7.959,2.49,0.838,1.675,3.524,2.945,3.563,3.401,3.963,3.427,3.811,3.929,2.774,2.502,0.0
p232_010.wav,2.764,,1.802,-6.889,0.491,1.212,3.091,1.912,2.74,2.384,3.57,2.709,3.792,3.646,2.499,2.22,0.125
p232_011.wav,6.538,,17.554,11.076,0.92,2.82,4.031,3.069,3.585,3.549,4.386,3.231,4.516,4.546,3.369,3.093,0.0
p232_012.wav,4.336,,13.8,8.728,0.903,1.994,3.687,3.017,3.562,3.49,3.782,4.301,3.823,4.704,3.579,3.255,0.0
p232_013.wav,3.943,,7.747,1.937,0.845,1.592,3.729,2.588,3.219,3.194,4.038,4.238,4.078,4.134,3.184,2.243,0.0
p232_014.wav,4.617,,3.397,-1.157,0.756,1.479,3.597,2.873,3.482,3.387,3.832,3.076,4.624,4.152,2.853,2.141,0.067
p232_015.wav,5.32,,15.523,11.617,0.981,2.965,3.94,3.433,3.666,4.153,4.019,3.763,3.649,4.133,3.813,3.397,0.0
p232_016.wav,5.569,,12.375,8.288,0.975,3.114,4.097,3.114,3.572,3.684,3.647,4.133,3.75,4.442,3.586,3.261,0.0
p232_017.wav,2.889,,6.342,-0.146,0.977,2.374,3.369,3.109,3.459,3.938,3.477,3.603,3.991,4.583,2.978,2.392,0.25
p232_019.wav,6.736,,2.216,-1.26,0.938,1.889,3.569,3.029,3.427,3.788,3.523,3.463,3.956,3.902,2.847,2.582,0.105
p232_020.wav,3.617,,18.604,11.105,0.899,2.671,3.811,3.269,3.742,3.697,3.566,4.096,3.815,4.682,3.297,3.027,0.0
p232_021.wav,8.51,,12.71,9.25,0.927,2.645,4.001,3.106,3.612,3.555,3.287,3.677,4.121,4.352,3.316,3.001,0.0
p232_022.wav,5.794,,11.843,8.758,0.887,1.555,3.639,2.936,3.549,3.353,3.443,3.768,4.219,4.657,3.164,2.891,0.111
p232_023.wav,9.769,,9.027,4.685,0.796,1.473,3.634,2.834,3.495,3.254,3.431,3.248,4.065,4.099,2.786,2.219,0.167
p232_024.wav,5.52,,17.849,14.344,0.977,3.664,4.038,3.366,3.621,4.07,4.344,4.621,4.042,4.483,4.299,3.807,0.0
p232_025.wav,1.876,,16.927,9.871,0.922,2.583,3.787,3.116,3.572,3.657,3.223,3.855,3.036,4.272,3.347,3.022,0.0
p232_027.wav,3.771,,8.157,5.139,0.972,2.623,3.852,3.229,3.649,3.781,3.188,4.323,3.581,4.815,3.03,2.804,0.0
p232_028.wav,2.065,,3.796,-4.761,0.588,1.383,3.16,2.222,3.255,2.581,2.318,2.957,2.633,4.064,2.209,1.897,0.0
p232_029.wav,3.415,,17.087,7.894,0.84,1.855,3.534,2.9,3.533,3.323,3.778,4.037,4.107,4.125,3.614,3.174,0.0
p232_030.wav,3.849,,15.509,9.899,0.948,2.246,3.75,2.985,3.499,3.547,3.897,4.597,3.975,4.415,3.291,3.01,0.083
p232_031.wav,2.29,,6.16,-1.973,0.686,1.688,3.583,2.815,3.474,3.268,4.096,4.058,3.228,3.333,3.063,3.022,0.0
p232_032.wav,3.49,,1.672,-3.113,0.502,1.151,2.877,2.284,3.11,2.668,3.372,3.126,3.364,3.396,2.7,2.169,0.455
p232_033.wav,1.448,,16.411,4.897,0.781,2.483,3.351,2.675,3.109,3.575,3.617,4.147,3.406,4.073,2.887,2.739,0.0
p232_034.wav,1.472,,11.574,4.145,0.732,1.472,3.253,2.762,3.279,3.475,3.95,4.092,3.676,3.972,3.322,3.16,0.0
p232_035.wav,3.158,,10.039,4.204,0.869,1.56,2.877,2.631,3.622,2.733,3.142,3.437,3.59,4.023,2.461,1.94,0.231
p232_036.wav,2.843,,1.605,-3.356,0.631,1.236,3.259,2.345,3.023,3.144,4.044,3.582,3.976,2.971,3.019,2.706,0.1
p232_037.wav,3.856,,16.476,10.9,0.994,3.493,3.786,3.368,3.61,4.118,4.45,3.587,3.908,4.383,3.541,3.151,0.0
p232_038.wav,2.09,,11.029,2.299,0.896,2.634,3.681,3.002,3.326,3.948,3.444,3.801,3.313,3.878,3.328,3.05,0.0
p232_039.wav,1.94,,4.823,-4.902,0.626,1.99,3.167,2.693,3.162,3.684,4.049,2.725,3.681,3.823,3.8,3.555,0.0
p232_040.wav,1.898,,-0.012,-7.616,0.977,1.768,3.091,2.812,3.413,3.395,3.334,2.725,4.123,3.976,3.024,2.561,0.0
p232_041.wav,2.007,,17.934,8.014,0.789,2.142,3.338,2.737,3.432,3.081,4.047,3.803,4.608,4.471,4.071,3.533,0.0
p232_042.wav,2.514,,11.506,6.158,0.97,2.81,3.952,3.013,3.526,3.602,3.696,4.46,4.018,4.444,3.422,2.978,0.0
p232_043.wav,1.96,,10.399,2.803,0.733,1.583,3.06,3.298,3.57,4.076,4.315,4.039,4.547,3.937,3.694,3.214,0.0
p232_044.wav,1.383,,5.475,-2.651,0.618,1.359,2.723,1.958,3.009,2.182,2.644,3.814,3.09,4.115,2.433,1.87,0.0
p232_045.wav,1.238,,15.788,6.78,0.906,3.004,3.312,2.912,3.224,3.921,3.212,3.837,2.939,4.374,2.848,2.58,0.0
p232_046.wav,1.416,,16.344,5.161,0.722,1.886,2.546,2.392,3.345,2.619,3.313,3.166,3.878,4.63,3.298,2.902,0.0
p232_047.wav,1.926,,11.876,5.235,0.815,1.834,2.968,2.718,3.391,3.157,3.607,4.314,3.41,4.701,3.184,2.906,0.0
p232_048.wav,1.82,,5.539,-1.086,0.571,1.621,3.401,2.649,3.577,2.864,3.07,3.746,3.356,3.584,2.6,2.059,0.0
p232_049.wav,2.941,,18.011,12.625,0.953,2.681,3.723,3.228,3.68,3.652,2.966,3.689,3.489,4.341,2.512,2.352,0.0
p232_050.wav,1.733,,11.964,3.312,0.779,1.72,2.925,2.723,3.194,3.508,4.291,4.139,3.502,4.158,3.264,3.021,0.0
p232_051.wav,1.476,,7.261,-2.549,0.714,1.738,3.111,2.656,3.08,3.647,3.998,3.865,4.247,4.121,3.263,3.126,0.75
p232_052.wav,2.199,,2.764,-4.027,0.468,1.18,2.79,1.81,2.58,2.054,3.405,3.314,3.37,3.371,2.791,1.787,0.143
p232_053.wav,1.644,,16.079,6.076,0.862,2.329,3.634,2.99,3.313,3.897,4.241,3.357,3.449,4.42,3.558,2.973,0.0
p232_054.wav,3.706,,13.466,7.568,0.938,2.261,3.591,2.886,3.573,3.258,3.629,4.317,3.874,4.731,2.924,2.747,0.0
p232_055.wav,1.526,,7.29,0.052,0.738,2.039,3.729,2.745,3.098,3.809,4.177,4.161,4.226,3.364,3.426,3.168,0.0
p232_056.wav,1.803,,2.269,-7.806,0.674,1.502,2.517,2.552,3.16,3.158,3.725,2.948,3.204,2.932,2.616,2.22,0.0
p232_057.wav,2.236,,16.014,7.044,0.92,2.687,3.575,2.979,3.258,4.005,3.891,4.252,4.228,4.677,3.101,2.791,0.0
p232_058.wav,3.899,,11.509,7.494,0.94,3.136,4.036,3.229,3.569,3.937,4.426,4.381,3.624,4.282,4.238,3.945,0.0
p232_059.wav,1.32,,4.907,-6.533,0.69,2.114,2.983,2.949,3.288,3.957,3.116,3.567,3.599,4.147,2.807,2.626,0.0
p232_060.wav,2.34,,-0.1,-10.549,0.728,2.199,3.107,2.816,3.412,3.351,3.507,3.203,3.644,3.788,2.947,2.415,0.0
p232_061.wav,3.249,,17.341,12.046,0.949,2.357,3.912,3.145,3.608,3.638,3.39,3.59,3.241,4.656,3.613,3.107,0.111
p232_062.wav,2.964,,16.88,8.275,0.888,2.121,3.312,2.831,3.644,3.088,3.495,4.04,3.734,4.161,3.103,2.737,0.111
p232_063.wav,2.264,,10.363,4.763,0.933,1.944,3.487,2.672,3.241,3.368,3.418,4.457,3.828,4.345,3.213,2.861,0.2
p232_064.wav,2.01,,5.864,-0.185,0.829,1.576,3.302,2.372,2.716,3.568,4.229,3.502,4.16,3.629,3.519,3.306,0.0
p232_065.wav,1.524,,15.534,6.203,0.797,2.103,3.2,2.669,3.354,3.154,3.734,4.459,3.582,4.119,3.203,2.969,0.0
p232_066.wav,3.277,,12.097,7.201,0.914,2.451,3.362,2.854,3.569,3.219,3.059,4.096,3.683,4.209,3.527,2.996,0.0
p232_067.wav,2.617,,8.876,4.667,0.913,2.338,3.472,3.042,3.436,3.768,3.221,4.67,3.758,4.722,3.327,2.879,0.167
p232_068.wav,2.522,,3.543,2.043,0.897,2.182,3.796,2.871,3.236,3.743,4.403,3.937,4.183,3.539,4.054,3.255,0.0
p232_069.wav,2.669,,16.698,8.778,0.946,2.515,3.681,2.997,3.572,3.457,4.029,4.159,4.21,4.553,3.883,3.466,0.143
p232_070.wav,2.544,,10.533,5.013,0.818,1.673,3.573,2.602,3.332,3.04,2.706,3.451,4.03,3.709,3.361,3.166,0.0
p232_071.wav,2.589,,7.073,-0.38,0.626,1.539,2.915,2.688,3.477,3.014,4.142,3.5,3.861,3.882,2.76,2.276,0.286
p232_072.wav,1.987,,1.38,-6.538,0.586,1.233,3.149,2.564,3.157,3.263,3.845,3.891,3.127,3.268,3.064,2.641,0.0
p232_073.wav,1.908,,17.34,4.954,0.96,2.365,3.812,3.19,3.486,4.013,3.96,3.729,4.067,4.499,3.281,3.047,0.0
p232_074.wav,2.21,,13.959,4.647,0.795,2.03,3.02,2.86,3.498,3.291,3.512,3.878,3.544,3.855,3.218,2.507,0.2
p232_075.wav,2.346,,8.167,-0.803,0.867,1.65,3.364,2.622,3.311,3.123,3.866,3.951,4.077,4.024,3.757,3.171,0.4
p232_076.wav,1.927,,1.78,-6.292,0.578,1.262,2.937,2.666,3.374,3.266,3.997,3.306,3.994,3.779,3.312,2.83,0.25
p232_077.wav,1.742,,15.715,5.676,0.846,2.723,3.451,2.963,3.266,3.983,2.915,4.19,3.411,4.269,3.219,2.912,0.0
p232_078.wav,2.261,,11.129,3.36,0.989,3.074,3.655,3.169,3.5,3.99,4.324,3.411,3.426,4.779,3.786,3.549,0.0
p232_079.wav,2.394,,5.824,-1.346,0.9,2.332,3.715,3.042,3.539,3.651,4.333,4.329,4.024,4.216,3.646,3.115,0.0
p232_080.wav,2.08,,0.549,-8.507,0.762,1.66,2.627,2.74,3.462,3.163,3.906,3.643,3.255,4.634,3.494,2.664,0.0
p232_081.wav,1.885,,17.971,11.754,0.871,2.433,3.62,2.912,3.513,3.394,3.667,3.772,3.352,4.318,3.302,2.958,0.4
p232_082.wav,1.559,,11.615,-0.191,0.574,1.469,2.758,1.279,1.654,1.243,3.122,3.312,3.44,4.039,3.227,2.286,0.0
p232_083.wav,1.661,,7.016,-0.112,0.857,2.055,3.178,3.04,3.539,3.641,3.65,3.249,3.517,3.978,2.884,1.942,0.0
p232_084.wav,1.391,,1.025,-7.252,0.76,1.454,3.057,2.749,3.376,3.349,4.043,3.161,3.457,3.719,3.034,2.796,0.5
p232_085.wav,2.067,,17.957,10.748,0.981,3.47,3.643,3.213,3.503,4.036,3.165,4.185,3.955,4.723,3.839,3.326,0.0
p232_086.wav,1.968,,12.413,7.022,0.936,3.018,3.865,3.224,3.527,4.007,3.279,4.093,3.588,4.493,3.574,3.267,0.0
p232_087.wav,1.978,,5.994,-1.582,0.856,3.047,3.736,3.069,3.438,3.886,4.01,3.663,3.836,3.713,3.712,2.942,0.0
p232_088.wav,2.924,,2.943,-1.357,0.854,1.817,3.264,2.633,3.486,2.994,3.787,4.493,2.95,4.452,3.134,2.945,0.0
p232_089.wav,2.234,,17.223,8.56,0.85,2.248,3.428,3.034,3.549,3.592,3.428,4.0,3.953,3.696,2.999,2.65,0.0
p232_090.wav,3.943,,11.499,4.334,0.876,1.944,3.47,3.055,3.613,3.531,3.711,3.397,4.45,4.458,2.62,2.511,0.0
p232_091.wav,1.563,,8.022,-1.763,0.72,1.532,2.959,2.118,2.892,2.743,3.089,2.175,3.768,3.446,2.154,1.824,0.0
p232_092.wav,1.968,,1.088,-8.187,0.694,1.657,2.844,2.441,3.022,3.311,4.17,3.035,3.645,3.59,2.832,2.408,0.0
p232_093.wav,2.221,,17.066,8.981,0.876,2.511,3.563,3.075,3.552,3.707,4.35,4.139,4.099,3.877,3.906,3.34,0.0
p232_094.wav,2.816,,13.059,5.063,0.869,2.179,3.819,2.826,3.24,3.765,3.898,3.92,4.517,4.623,4.139,3.081,0.0
p232_095.wav,3.574,,8.666,3.514,0.718,1.218,3.251,2.988,3.442,3.653,3.444,3.709,4.043,3.365,2.448,2.148,0.25
p232_096.wav,1.678,,3.058,-6.872,0.563,1.212,2.712,2.599,3.399,2.979,3.192,2.958,3.167,3.333,2.143,1.767,0.0
p232_097.wav,2.705,,16.982,9.718,0.943,2.368,3.75,3.242,3.622,3.816,3.401,4.088,3.208,4.04,3.502,3.098,0.0
p232_098.wav,2.385,,11.878,4.293,0.872,2.157,3.397,3.308,3.583,4.06,3.689,3.343,3.305,4.319,3.182,2.745,0.0
p232_099.wav,2.765,,6.525,1.166,0.97,2.923,3.661,3.145,3.669,3.61,3.369,3.773,3.303,4.556,3.679,3.305,0.0
p232_100.wav,1.6,,0.53,-6.626,0.766,1.732,2.797,2.325,3.031,2.756,2.728,3.329,3.046,4.112,2.805,2.195,0.333
p232_101.wav,1.946,,20.546,10.029,0.942,2.533,3.623,3.088,3.651,3.518,4.173,4.451,3.38,4.703,3.078,2.741,0.0
p232_102.wav,1.894,,11.168,2.494,0.8,2.345,3.167,2.975,3.323,3.867,4.059,3.578,4.147,4.486,3.338,3.135,0.0
p232_103.wav,3.547,,9.613,3.405,0.788,1.615,3.46,2.493,3.418,2.726,3.484,3.45,3.432,3.504,3.013,2.352,0.1
p232_104.wav,3.92,,6.99,3.419,0.795,1.613,3.076,2.846,3.289,3.569,4.062,4.005,4.005,4.128,3.297,3.068,0.167
p232_105.wav,1.757,,19.307,9.889,0.926,2.854,3.554,3.218,3.487,4.094,3.858,4.635,4.001,4.66,3.918,3.549,0.0
p232_106.wav,2.388,,14.699,10.093,0.95,3.021,3.7,2.741,3.397,3.268,4.128,4.781,3.437,4.787,3.681,3.36,0.0
p232_107.wav,2.642,,7.988,2.054,0.925,3.16,3.474,2.849,3.565,3.204,3.253,3.258,3.633,4.458,3.125,2.533,0.0
p232_108.wav,1.682,,6.655,2.127,0.778,1.805,3.063,2.531,3.374,2.834,3.17,3.409,3.116,4.458,2.841,2.496,0.0
p232_109.wav,3.492,,17.39,10.379,0.92,2.377,3.887,3.186,3.696,3.608,3.69,4.512,3.659,4.536,3.414,2.982,0.0
p232_110.wav,2.035,,11.947,3.609,0.767,1.437,3.203,2.443,3.366,2.634,3.836,4.521,4.727,3.209,3.703,3.135,0.0
p232_112.wav,1.644,,5.733,-2.699,0.782,2.089,3.144,2.753,3.362,3.432,4.063,4.345,3.664,4.096,3.782,2.961,0.2
p232_113.wav,1.368,,1.962,-8.277,0.443,1.372,3.063,2.418,3.189,2.845,4.083,3.667,3.667,3.325,3.14,2.752,0.25
p232_114.wav,3.196,,18.752,11.338,0.923,2.174,3.355,3.16,3.537,3.78,3.496,4.379,3.721,4.566,3.273,2.991,0.083
p232_115.wav,2.745,,12.293,4.631,0.872,2.355,3.489,3.057,3.422,3.944,3.938,3.45,4.244,3.864,3.199,2.769,0.0
p232_116.wav,1.983,,8.635,0.651,0.795,1.61,3.426,2.726,3.107,3.741,3.806,2.986,3.312,3.786,2.746,2.032,0.0
p232_117.wav,3.473,,2.64,-1.922,0.723,1.309,3.469,2.704,3.206,3.526,4.0,3.469,3.588,3.423,3.267,2.981,0.083
p232_118.wav,3.134,,15.97,8.169,0.959,2.871,3.795,3.38,3.624,4.135,3.984,3.719,4.246,4.12,3.619,3.331,0.0
p232_119.wav,3.168,,12.269,6.435,0.897,2.659,3.902,3.051,3.393,3.876,3.363,4.527,3.701,4.896,3.28,2.947,0.0
p232_120.wav,1.463,,5.71,-1.702,0.784,2.536,3.509,2.633,3.141,3.474,4.364,3.125,3.767,3.994,3.336,2.926,0.0
p232_121.wav,3.065,,4.221,-0.585,0.914,2.346,3.553,3.053,3.576,3.58,2.71,3.902,3.093,4.035,3.098,2.346,0.091
p232_123.wav,3.707,,19.99,12.394,0.931,2.721,3.693,3.081,3.591,3.59,3.804,3.711,3.633,4.673,3.224,2.853,0.0
p232_124.wav,1.491,,12.586,5.119,0.824,2.107,3.499,3.098,3.457,3.829,4.196,4.2,3.459,4.348,3.319,2.865,0.0
p232_125.wav,1.608,,8.803,0.989,0.705,1.476,2.928,2.49,3.498,2.654,3.5,2.98,3.201,3.791,3.107,2.776,0.0
p232_126.wav,2.114,,5.666,-0.468,0.811,1.451,3.127,2.785,3.305,3.438,3.927,3.274,3.839,3.888,3.168,2.721,0.0
p232_127.wav,1.974,,17.811,9.112,0.977,3.622,3.619,3.097,3.35,4.079,3.695,3.619,3.703,4.149,3.437,3.121,0.0
p232_128.wav,2.962,,18.061,8.434,0.902,1.832,3.227,2.553,3.373,2.931,3.958,4.074,3.515,4.401,3.048,2.737,0.0
p232_129.wav,3.562,,6.582,4.168,0.925,2.542,3.593,2.795,3.622,3.122,4.332,3.734,3.819,4.443,3.699,3.238,0.091
p232_130.wav,2.465,,2.903,-4.604,0.848,1.701,3.071,3.103,3.593,3.705,3.577,3.614,3.577,3.925,2.746,1.929,0.333
p232_131.wav,3.054,,17.515,10.169,0.95,2.435,3.811,3.152,3.525,3.88,3.161,4.45,4.26,4.386,3.114,2.875,0.0
p232_132.wav,1.853,,12.953,5.155,0.736,1.831,2.728,2.467,3.393,2.811,3.866,3.394,3.775,3.971,3.042,2.826,0.0
p232_133.wav,2.44,,7.246,0.465,0.698,1.39,3.168,2.993,3.29,3.937,3.257,3.652,3.996,4.02,2.945,2.5,0.0
p232_134.wav,1.804,,4.061,-6.627,0.534,1.301,2.624,1.114,1.21,1.007,3.113,3.842,3.391,3.669,2.983,2.308,0.0
p232_135.wav,1.984,,16.288,5.875,0.864,2.445,3.955,3.087,3.433,3.941,3.849,4.056,3.175,3.685,3.395,3.026,0.0
p232_136.wav,1.738,,12.585,-0.412,0.625,1.803,3.784,3.093,3.427,3.907,2.917,4.208,3.572,4.032,3.216,2.944,0.0
p232_137.wav,1.619,,6.27,-3.13,0.729,1.866,3.012,2.65,3.09,3.564,3.834,3.812,4.186,3.977,2.99,2.591,0.0
p232_138.wav,1.574,,5.407,2.235,0.668,1.594,3.008,2.559,2.982,3.566,4.125,2.964,4.715,3.076,2.544,2.514,0.0
p232_139.wav,2.186,,15.729,8.401,0.998,3.257,3.808,3.264,3.523,4.096,4.32,4.155,3.765,4.415,3.565,3.204,0.0
p232_140.wav,1.586,,9.849,0.322,0.786,2.436,3.656,2.54,3.126,3.273,3.333,3.483,3.559,3.579,3.125,2.822,0.0
p232_141.wav,1.736,,5.501,-0.586,0.776,2.668,3.418,2.875,3.432,3.544,3.657,3.564,2.945,3.627,3.328,2.714,0.0
p232_142.wav,2.714,,2.189,-2.014,0.84,1.838,3.049,2.942,3.59,3.354,3.606,2.953,3.782,3.94,2.973,2.537,0.091
p232_143.wav,1.774,,18.896,8.512,0.843,2.451,3.158,2.494,3.259,2.981,3.731,3.452,3.762,3.754,2.714,2.223,0.0
p232_144.wav,2.28,,17.289,9.543,0.9,2.619,3.441,2.761,3.511,3.054,3.796,3.522,3.58,4.018,3.705,3.292,0.143
p232_145.wav,2.65,,9.348,3.076,0.737,1.753,2.989,2.58,3.228,3.264,3.679,3.002,3.828,3.251,2.887,2.545,0.0
p232_146.wav,2.041,,2.37,-3.226,0.777,1.954,3.334,2.696,3.148,3.648,3.357,3.668,4.075,4.382,3.233,2.933,0.0
p232_147.wav,2.725,,17.655,12.099,0.968,3.697,4.046,3.334,3.619,4.083,4.088,4.618,3.508,4.617,3.7,3.43,0.0
p232_148.wav,3.873,,14.789,10.56,0.993,2.958,3.57,3.139,3.435,4.007,3.385,4.078,4.049,4.094,3.382,3.098,0.091
p232_150.wav,2.105,,6.869,0.898,0.937,2.705,3.472,2.929,3.366,3.671,3.35,4.388,3.941,4.531,3.312,2.98,0.0
p232_151.wav,2.727,,7.156,2.707,0.872,1.471,2.908,2.848,3.637,3.17,3.14,2.849,3.282,3.662,2.583,2.498,0.0
p232_152.wav,1.866,,16.857,6.411,0.906,2.359,3.669,2.812,3.231,3.658,3.165,4.117,3.753,3.704,3.248,3.007,0.0
p232_153.wav,1.932,,13.047,2.721,0.762,1.798,3.345,2.962,3.426,3.624,3.591,3.432,3.575,3.879,2.736,2.417,0.0
p232_154.wav,2.341,,7.703,-0.259,0.721,1.283,3.133,2.691,3.115,3.553,3.8,2.697,4.067,3.861,2.797,2.382,0.667
p232_155.wav,2.551,,1.951,-4.917,0.503,1.173,3.051,2.086,2.842,2.737,3.866,3.036,3.874,3.622,2.733,2.088,0.667
p232_156.wav,2.057,,17.369,9.37,0.858,2.241,3.446,2.872,3.269,3.781,3.937,3.687,3.593,4.265,3.424,2.636,0.0
p232_158.wav,2.682,,13.076,7.06,0.885,1.605,3.219,2.808,3.231,3.7,3.152,3.87,3.923,3.915,3.045,2.801,0.3
p232_159.wav,1.876,,9.879,1.764,0.905,1.618,2.945,2.673,3.317,3.226,4.351,3.528,4.667,4.424,3.166,3.019,0.0
p232_160.wav,3.942,,4.521,-1.351,0.624,1.144,3.065,2.183,3.323,2.226,3.784,4.091,3.887,3.473,2.905,2.643,0.3
p232_161.wav,2.722,,16.416,8.993,0.953,3.398,3.779,3.146,3.561,3.791,4.413,4.191,3.683,4.508,3.939,3.414,0.0
p232_162.wav,1.596,,10.547,0.872,0.887,2.712,3.964,3.007,3.437,3.763,3.99,3.774,3.211,4.613,3.418,3.171,0.5
p232_163.wav,2.163,,6.536,1.361,0.903,2.636,3.283,2.945,3.388,3.66,3.205,3.612,3.29,4.261,3.176,2.897,0.0
p232_164.wav,2.469,,1.75,-4.378,0.806,1.798,3.024,2.731,3.331,3.366,3.721,3.179,3.293,3.917,2.864,2.308,0.125
p232_165.wav,1.749,,17.976,7.453,0.854,2.362,2.903,2.745,3.513,3.087,3.583,3.125,3.316,4.147,2.97,2.612,0.0
p232_167.wav,2.683,,14.611,10.096,0.976,2.496,3.993,3.077,3.613,3.538,3.95,4.666,3.978,4.446,3.865,3.248,0.0
p232_169.wav,3.388,,10.289,6.486,0.927,1.697,3.68,3.246,3.55,4.019,4.178,3.957,3.811,4.31,3.6,3.053,0.077
p232_170.wav,2.093,,3.683,-1.47,0.533,1.315,3.151,2.413,3.052,3.115,3.719,3.139,3.608,3.772,2.774,2.468,0.143
p232_171.wav,2.014,,20.788,10.669,0.918,2.526,3.629,3.11,3.641,3.597,3.595,4.547,3.787,4.394,4.046,3.477,0.0
p232_172.wav,2.02,,10.929,2.566,0.933,3.513,3.619,2.873,3.316,3.697,4.365,4.015,3.108,4.324,3.452,3.108,0.0
p232_173.wav,2.145,,18.539,6.721,0.827,2.131,3.135,2.669,3.559,2.86,3.231,3.146,3.965,4.187,2.885,2.58,0.0
p232_174.wav,2.155,,2.499,-4.073,0.772,1.549,2.825,2.613,3.082,3.41,3.332,3.776,3.331,3.568,2.268,2.108,0.0
p232_175.wav,3.126,,16.173,10.162,0.941,2.215,3.571,3.124,3.587,3.713,3.427,3.889,4.158,4.821,3.195,2.86,0.0
p232_176.wav,2.77,,12.475,3.355,0.812,1.517,3.279,2.965,3.612,3.373,3.782,3.658,3.626,3.289,3.147,2.721,0.125
p232_177.wav,2.22,,8.134,-1.534,0.598,1.304,3.156,2.495,2.972,3.34,4.09,3.536,4.091,3.981,3.3,2.855,0.8
p232_178.wav,2.009,,2.288,-4.2,0.669,1.55,3.481,2.603,3.128,3.44,4.133,3.849,4.11,3.291,3.628,3.142,0.286
p232_179.wav,3.441,,17.96,9.506,0.941,2.303,3.753,3.23,3.533,4.0,3.467,4.557,4.123,4.337,3.268,3.045,0.1
p232_180.wav,3.25,,12.021,4.331,0.899,1.825,3.489,2.648,3.463,3.011,3.764,3.558,4.098,4.338,3.398,2.562,0.0
p232_181.wav,1.824,,9.841,0.811,0.837,1.805,3.12,2.703,3.368,3.222,3.643,3.406,3.401,3.502,3.129,2.736,0.25
p232_182.wav,2.512,,2.122,-7.3,0.681,1.314,3.188,2.239,3.338,2.328,2.83,3.591,3.277,3.572,2.275,1.829,0.167
p232_183.wav,2.154,,15.625,5.328,0.902,2.635,3.468,2.913,3.27,3.846,4.34,4.51,4.104,4.674,3.989,3.61,0.0
p232_184.wav,2.134,,11.673,4.805,0.909,2.613,3.484,3.16,3.565,3.836,4.412,4.522,4.258,4.496,3.313,2.881,0.143
p232_185.wav,2.856,,6.879,1.883,0.954,2.262,3.887,3.031,3.617,3.478,3.521,3.715,4.102,4.788,3.077,2.508,0.0
p232_186.wav,1.913,,0.543,-11.734,0.636,1.371,2.836,2.633,3.406,2.96,3.36,3.086,3.38,3.304,2.803,2.278,0.0
p232_187.wav,1.375,,16.201,3.526,0.617,2.111,2.861,2.732,3.448,3.24,3.032,3.777,3.051,4.168,2.962,2.415,0.0
p232_188.wav,3.83,,13.846,7.291,0.849,2.475,3.67,2.852,3.451,3.378,3.346,4.198,3.898,4.339,3.027,2.87,0.091
p232_189.wav,2.553,,11.275,4.025,0.742,1.721,3.298,2.556,3.52,2.735,3.528,4.407,3.806,3.827,3.414,2.512,0.0
p232_190.wav,1.952,,5.533,-1.585,0.844,1.852,2.974,2.243,3.163,2.489,3.234,3.62,3.74,3.91,3.102,2.461,0.167
p232_191.wav,1.916,,18.386,7.799,0.922,2.971,3.522,2.957,3.469,3.559,3.567,3.741,3.998,4.322,3.774,3.067,0.0
p232_193.wav,2.418,,20.935,11.671,0.871,2.42,3.503,2.727,3.605,2.943,3.175,4.059,3.368,3.823,3.079,2.777,0.0
p232_194.wav,3.431,,16.168,10.671,0.897,1.973,3.5,2.58,3.452,2.922,2.72,3.442,2.958,4.681,2.817,2.678,0.0
p232_195.wav,2.347,,2.16,-2.891,0.905,2.147,3.457,2.874,3.504,3.367,3.981,3.938,3.972,4.263,3.094,2.88,0.0
p232_196.wav,2.23,,16.663,7.354,0.922,2.451,3.415,2.827,3.3,3.599,3.363,3.576,4.051,3.378,3.123,2.914,0.0
p232_197.wav,3.782,,12.103,6.661,0.935,2.264,3.8,2.745,3.525,3.133,3.16,3.956,3.96,4.767,3.486,3.086,0.083
p232_198.wav,2.332,,7.527,-3.204,0.782,1.518,3.23,2.422,3.43,2.643,3.353,3.884,3.53,4.143,2.951,2.489,0.333
p232_199.wav,2.398,,3.661,-3.27,0.705,1.335,3.046,2.892,3.408,3.583,3.936,3.248,3.853,3.346,2.707,2.302,0.625
p232_200.wav,3.51,,18.099,10.755,0.937,2.501,3.563,3.073,3.514,3.704,3.582,4.438,3.885,4.904,3.475,3.019,0.0
p232_201.wav,2.702,,12.462,4.647,0.937,2.212,3.229,2.578,3.298,3.033,3.357,3.341,3.919,4.221,3.284,2.711,0.0
p232_202.wav,3.025,,8.705,2.66,0.789,1.41,3.699,2.969,3.607,3.354,3.45,3.197,4.018,3.588,2.656,2.213,0.0
p232_203.wav,2.013,,2.287,-6.751,0.484,1.142,2.856,2.478,3.386,2.744,3.61,3.851,3.402,3.369,2.71,2.232,0.6
p232_204.wav,3.406,,16.444,8.773,0.992,3.548,3.861,3.173,3.48,3.989,3.838,4.439,3.632,4.564,3.825,3.425,0.0
p232_205.wav,1.84,,10.694,2.083,0.929,3.419,3.607,3.123,3.471,3.949,3.66,4.131,4.272,4.508,3.451,3.151,0.0
p232_206.wav,2.705,,6.804,0.902,0.929,2.498,3.361,2.733,3.234,3.533,2.222,2.782,3.022,3.653,2.756,2.599,0.091
p232_207.wav,1.585,,0.674,-8.656,0.721,1.613,2.977,2.868,3.423,3.529,3.383,2.759,3.222,3.686,2.912,2.115,0.0
p232_208.wav,1.349,,18.142,9.704,0.734,2.913,3.494,2.873,3.209,3.794,4.359,4.551,3.295,4.012,3.309,2.989,0.4
p232_209.wav,1.437,,15.966,8.311,0.746,2.385,3.631,2.461,2.818,3.704,3.949,3.998,3.665,3.735,3.004,2.691,0.0
p232_210.wav,1.529,,10.952,1.077,0.846,2.26,3.599,2.735,3.383,3.293,3.597,3.627,4.054,3.495,2.968,2.459,0.0
p232_211.wav,1.406,,8.172,-0.385,0.544,1.634,2.971,2.467,2.867,3.652,3.556,3.862,3.571,3.302,2.754,2.596,1.0
p232_213.wav,2.373,,16.844,6.836,0.881,2.735,3.85,3.123,3.475,3.911,4.341,3.96,4.048,4.619,4.365,3.867,0.0
p232_214.wav,1.931,,14.138,7.599,0.949,1.919,3.481,2.94,3.463,3.494,3.37,4.431,3.944,4.641,3.36,3.074,0.0
p232_215.wav,2.282,,5.552,-1.594,0.978,2.492,3.488,3.021,3.466,3.722,3.835,3.805,3.605,4.175,3.153,2.963,0.0
p232_216.wav,3.001,,3.246,-0.584,0.89,1.84,3.46,2.39,3.185,3.013,3.423,4.104,3.868,3.533,2.999,2.423,0.0
p232_217.wav,1.539,,18.245,8.66,0.717,2.567,3.688,2.846,3.495,3.317,3.617,3.984,3.517,3.544,3.449,3.163,0.0
p232_218.wav,2.138,,14.765,6.938,0.809,2.014,3.673,2.566,3.265,3.06,3.848,3.907,3.669,4.256,3.966,3.474,0.0
p232_219.wav,3.458,,6.906,2.286,0.829,1.582,3.665,2.874,3.444,3.456,4.151,3.418,4.008,3.764,3.038,2.351,0.182
p232_220.wav,3.662,,4.28,-1.264,0.771,1.386,2.961,2.9,3.633,3.212,3.366,3.05,3.882,4.304,2.296,2.017,0.0
p232_221.wav,3.317,,16.619,8.631,0.934,1.89,3.643,2.795,3.602,3.149,3.033,4.107,3.663,4.088,3.04,2.735,0.182
p232_223.wav,2.513,,12.696,2.317,0.796,2.193,3.519,2.604,2.928,3.85,3.822,3.263,4.891,4.458,3.071,2.729,0.143
p232_224.wav,2.069,,8.172,1.255,0.722,1.572,2.999,2.616,3.246,3.229,3.579,3.751,3.761,3.844,2.972,2.795,0.0
p232_225.wav,1.673,,1.661,-9.954,0.571,1.31,2.864,2.542,3.305,2.963,3.135,3.769,3.763,3.628,2.24,1.888,0.2
p232_226.wav,2.313,,16.266,7.903,0.943,3.296,3.83,3.331,3.592,4.118,3.857,4.246,3.979,4.288,4.07,3.253,0.0
p232_227.wav,3.246,,11.622,4.76,0.989,2.76,3.66,2.931,3.324,3.819,3.189,3.462,3.912,4.331,3.19,2.838,0.077
p232_228.wav,1.661,,5.679,-3.812,0.904,2.578,3.354,2.793,3.26,3.642,3.102,4.375,3.618,4.273,3.088,2.937,0.0
p232_229.wav,1.875,,2.774,-5.307,0.902,2.367,3.39,2.397,2.713,3.743,4.044,3.466,3.479,3.92,3.129,2.918,0.0
p232_230.wav,1.889,,19.007,9.021,0.824,2.068,3.456,3.155,3.63,3.663,3.645,3.655,3.431,4.053,2.841,2.555,0.0
p232_231.wav,2.191,,15.947,7.583,0.962,2.318,3.378,2.5,3.142,3.094,3.018,4.406,3.109,4.552,3.208,2.868,0.0
p232_232.wav,4.28,,12.698,4.492,0.825,1.74,3.629,2.621,3.48,2.867,3.85,3.645,4.363,4.507,3.025,2.782,0.083
p232_234.wav,1.597,,3.407,-2.46,0.63,1.755,3.368,2.261,2.823,3.241,3.606,3.808,3.649,3.319,3.155,2.814,0.0
p232_235.wav,3.959,,18.645,13.71,0.982,3.03,4.072,3.273,3.625,3.899,3.436,4.277,3.617,4.407,3.661,3.192,0.0
p232_236.wav,1.568,,10.671,0.156,0.874,2.969,2.865,2.807,3.132,3.868,4.237,3.615,4.049,4.562,3.0,2.801,0.0
p232_237.wav,2.822,,7.155,2.011,0.984,3.051,4.063,2.939,3.36,3.654,3.428,4.403,3.655,4.333,3.739,3.421,0.0
p232_238.wav,2.352,,0.647,-6.964,0.99,2.952,3.566,2.997,3.47,3.764,4.184,3.763,3.543,4.001,3.757,3.391,0.0
p232_239.wav,1.861,,19.125,9.41,0.92,1.915,3.619,3.158,3.549,3.819,3.701,4.533,3.658,4.599,3.845,3.251,0.0
p232_240.wav,3.302,,14.118,7.187,0.879,2.311,3.642,2.887,3.563,3.272,4.084,4.036,3.586,3.128,3.358,3.034,0.182
p232_241.wav,1.52,,6.713,-3.468,0.628,1.774,3.105,2.741,3.257,3.507,4.197,3.919,3.644,3.936,3.693,3.374,0.0
p232_242.wav,1.723,,2.283,-8.271,0.489,1.242,2.891,2.354,2.929,3.126,3.646,3.71,3.037,3.301,2.855,2.081,0.667
p232_243.wav,1.912,,16.684,7.12,0.968,2.901,3.69,2.978,3.322,3.949,3.589,4.162,4.485,4.294,2.866,2.587,0.0
p232_244.wav,3.287,,12.045,3.807,0.862,2.016,3.495,2.731,3.383,3.286,4.146,4.162,4.284,3.638,3.294,3.12,0.167
p232_245.wav,2.138,,9.989,1.429,0.638,1.701,2.968,2.821,3.469,3.215,4.054,3.602,3.48,3.845,2.943,2.624,0.25
p232_246.wav,2.54,,2.949,-6.294,0.614,1.356,3.138,2.764,3.518,3.095,2.959,4.075,3.874,3.616,2.393,2.061,0.25
p232_247.wav,1.741,,16.044,5.341,0.907,3.096,3.672,2.855,3.254,3.745,4.099,4.005,3.739,3.743,3.783,3.276,0.0
p232_248.wav,3.35,,12.005,7.896,0.939,2.716,3.607,2.973,3.434,3.621,3.556,3.866,3.954,4.33,3.615,3.042,0.0
p232_249.wav,2.885,,6.216,-1.543,0.976,2.067,3.606,2.912,3.371,3.737,3.859,3.605,3.705,4.089,3.271,3.124,0.143
p232_250.wav,2.827,,1.155,-5.454,0.872,1.932,3.618,2.878,3.456,3.49,3.383,3.928,4.135,3.546,2.833,2.136,0.0
p232_251.wav,3.337,,19.815,13.118,0.963,2.799,4.027,3.295,3.635,3.931,4.566,4.589,4.427,4.803,4.39,4.286,0.0
p232_252.wav,2.97,,15.341,6.812,0.866,2.321,3.303,2.685,3.537,2.951,2.953,3.18,3.506,4.053,2.939,2.675,0.0
p232_253.wav,3.028,,11.01,5.513,0.798,1.477,3.378,2.79,3.295,3.52,3.978,4.377,4.24,4.035,3.477,3.057,0.1
p232_254.wav,2.84,,3.214,-1.659,0.804,1.549,3.096,2.776,3.334,3.417,3.44,2.901,4.122,3.439,2.479,2.393,0.111
p232_255.wav,2.752,,20.703,11.327,0.917,3.015,3.35,2.976,3.502,3.521,3.761,3.561,3.724,4.127,2.957,2.618,0.0
p232_256.wav,2.025,,11.977,5.146,0.882,2.818,3.594,2.905,3.508,3.392,3.802,3.612,3.919,4.686,3.246,2.763,0.0
p232_257.wav,1.749,,9.068,3.89,0.918,2.234,2.941,3.081,3.585,3.568,3.59,3.484,3.434,4.079,2.738,2.523,0.0
p232_258.wav,2.759,,3.945,2.665,0.859,1.659,3.427,2.516,3.476,2.817,2.922,3.222,3.802,3.698,2.818,2.435,0.0
p232_259.wav,3.908,,17.193,9.926,0.953,2.654,3.761,3.073,3.473,3.76,3.776,3.601,4.366,4.465,3.244,3.106,0.0
p232_260.wav,2.857,,12.629,4.791,0.951,2.043,3.54,2.852,3.303,3.675,3.571,3.659,4.201,4.285,2.996,2.753,0.091
p232_261.wav,3.189,,8.767,3.139,0.727,1.373,3.224,2.399,3.2,2.827,3.584,3.08,3.619,3.189,2.595,2.369,0.25
p232_263.wav,2.928,,3.09,-3.543,0.611,1.188,2.928,2.408,3.25,2.816,4.071,3.467,3.641,3.931,2.694,2.171,0.6
p232_264.wav,3.163,,18.934,12.673,0.975,2.623,3.68,3.035,3.467,3.703,3.144,4.771,4.586,4.709,3.636,3.462,0.091
p232_265.wav,1.881,,12.063,3.152,0.836,1.773,3.27,2.914,3.654,3.255,3.013,4.484,3.809,4.094,3.336,3.238,0.5
p232_266.wav,2.336,,13.319,6.592,0.874,1.962,3.515,3.19,3.542,3.856,4.045,3.37,4.313,3.892,3.304,2.915,0.0
p232_267.wav,3.336,,3.086,-3.61,0.657,1.217,3.279,2.401,3.239,2.817,4.065,3.404,4.438,3.97,2.725,2.294,0.333
p232_268.wav,2.137,,16.505,9.565,0.961,3.229,3.699,3.166,3.525,3.886,3.004,3.984,4.036,4.387,3.292,2.88,0.0
p232_269.wav,2.958,,11.861,8.078,0.95,2.698,3.648,3.104,3.589,3.692,4.233,4.684,3.881,4.689,3.651,3.243,0.0
p232_270.wav,3.015,,6.752,1.816,0.933,2.783,3.841,3.173,3.509,3.976,3.034,3.913,3.807,4.629,3.392,2.881,0.083
p232_271.wav,2.984,,2.295,-3.165,0.913,2.096,3.688,2.934,3.308,3.818,3.949,3.874,3.52,4.204,3.136,2.737,0.0
p232_272.wav,2.079,,17.411,12.558,0.899,3.14,3.67,3.03,3.461,3.791,4.295,3.769,3.659,3.548,3.44,3.078,0.0
p232_273.wav,2.554,,14.925,6.87,0.872,2.171,3.662,3.031,3.567,3.555,3.438,4.276,3.85,4.348,3.392,3.1,0.0
p232_274.wav,3.011,,8.217,4.132,0.815,1.728,3.454,2.264,3.246,2.636,4.278,3.373,4.198,4.265,2.781,2.358,0.0
p232_275.wav,3.074,,4.251,2.286,0.791,1.453,3.041,2.481,3.08,3.245,3.788,3.494,3.683,4.064,3.132,2.588,0.1
p232_276.wav,2.625,,24.247,15.713,0.976,3.051,3.736,3.14,3.603,3.631,4.014,4.495,4.224,4.804,3.733,3.304,0.0
p232_277.wav,3.045,,18.038,11.45,0.859,2.551,3.486,3.071,3.545,3.605,3.669,4.132,4.008,4.223,3.913,3.619,0.0
p232_278.wav,2.468,,5.797,-2.949,0.96,3.059,3.573,3.041,3.463,3.797,4.069,3.23,3.942,4.274,3.297,2.94,0.0
p232_279.wav,2.317,,5.183,-1.417,0.522,1.252,2.789,2.58,3.246,3.044,3.004,2.957,3.874,3.664,2.758,2.329,0.5
p232_280.wav,3.067,,17.318,9.21,0.791,1.992,3.755,2.812,3.477,3.235,4.193,3.766,4.261,4.318,3.534,2.887,0.0
p232_281.wav,1.844,,12.507,1.384,0.523,1.599,3.439,3.043,3.402,3.913,4.002,3.588,3.947,3.759,3.645,3.265,0.0
p232_282.wav,3.588,,7.228,4.756,0.901,1.885,3.361,2.875,3.616,3.199,3.702,2.347,3.823,3.698,2.824,2.405,0.182
p232_283.wav,1.801,,2.227,-6.799,0.547,1.373,2.998,2.66,3.156,3.534,4.327,2.635,3.657,3.341,2.364,2.18,0.4
p232_284.wav,2.616,,17.236,6.927,0.961,2.706,3.395,3.245,3.738,3.7,2.943,4.44,4.308,4.716,2.926,2.39,0.0
p232_285.wav,2.182,,11.699,0.683,0.806,2.225,3.294,2.711,3.264,3.531,4.402,3.89,4.274,4.597,3.155,2.663,0.0
p232_286.wav,2.252,,7.882,-0.244,0.796,1.744,3.219,2.457,2.876,3.551,3.873,2.42,3.736,3.411,3.058,2.711,0.0
p232_287.wav,2.156,,1.7,-6.678,0.659,1.24,3.091,2.804,3.224,3.674,3.81,3.032,3.916,3.405,2.613,2.054,0.0
p232_288.wav,1.678,,15.365,4.682,0.961,3.297,3.335,2.997,3.415,3.74,4.284,3.866,3.603,4.221,3.111,2.855,0.0
p232_289.wav,3.27,,11.994,7.025,0.995,3.463,3.579,3.331,3.629,4.041,3.446,4.472,3.681,4.199,3.226,2.901,0.0
p232_290.wav,1.873,,4.578,-7.99,0.941,3.033,3.574,2.847,3.406,3.513,4.271,3.296,4.605,4.286,3.449,2.623,0.0
p232_291.wav,2.286,,0.659,-8.93,0.977,2.297,3.543,3.027,3.434,3.892,3.843,3.921,3.425,4.015,3.59,3.311,0.0
p232_292.wav,2.49,,19.375,8.601,0.969,2.645,3.511,3.135,3.539,3.803,3.487,4.666,3.697,4.446,3.376,3.094,0.0
p232_293.wav,3.414,,15.386,8.269,0.86,1.972,3.114,2.311,3.397,2.383,3.168,2.78,4.172,4.379,2.685,1.942,0.091
p232_294.wav,3.487,,8.866,4.649,0.843,1.723,3.717,2.908,3.446,3.485,3.015,4.116,4.294,4.476,3.41,3.213,0.0
p232_295.wav,3.077,,4.211,0.411,0.739,1.522,3.199,2.443,3.332,2.776,3.695,3.104,3.829,3.53,2.559,1.771,0.5
p232_296.wav,2.172,,21.402,12.582,0.892,2.759,3.535,2.933,3.632,3.261,3.255,3.752,3.793,4.486,3.522,3.173,0.2
p232_297.wav,2.164,,12.425,4.844,0.865,2.888,3.564,3.113,3.427,3.94,3.474,3.514,3.486,3.516,3.172,2.704,0.0
p232_298.wav,1.6,,14.984,5.393,0.765,1.684,2.887,2.219,2.957,2.885,3.495,3.817,3.586,4.237,2.925,2.76,0.0
p232_299.wav,1.694,,1.106,-8.531,0.787,2.13,3.562,3.032,3.456,3.814,4.261,3.951,3.21,4.136,3.185,2.652,0.0
p232_300.wav,1.532,,17.876,5.11,0.784,2.446,3.623,2.798,3.333,3.436,3.199,4.133,3.907,4.698,3.801,3.311,0.0
p232_301.wav,2.381,,11.148,0.721,0.904,2.181,3.496,2.989,3.554,3.58,3.76,3.658,3.715,3.896,2.918,2.702,0.0
p232_302.wav,1.698,,7.134,-2.955,0.546,1.353,3.14,1.731,2.589,1.848,4.189,3.719,4.253,4.396,3.264,2.456,0.333
p232_303.wav,3.673,,3.125,-1.52,0.507,1.151,2.984,2.005,2.852,2.491,3.494,3.292,4.189,3.155,2.856,2.41,0.5
p232_305.wav,1.455,,14.989,4.728,0.767,1.925,2.888,2.831,3.31,3.595,4.538,4.072,4.173,4.281,3.514,2.906,0.0
p232_306.wav,1.796,,12.191,0.772,0.717,1.572,3.081,2.635,3.228,3.469,3.499,2.846,4.425,3.738,2.863,2.468,0.0
p232_307.wav,3.913,,8.265,0.439,0.703,1.232,2.836,2.795,3.33,3.509,3.433,3.119,4.036,3.61,2.295,1.859,0.083
p232_308.wav,2.075,,1.898,-8.475,0.592,1.467,2.911,2.515,3.071,3.323,3.415,3.257,3.48,2.994,2.241,1.911,0.333
p232_309.wav,2.476,,16.514,10.857,0.954,3.023,3.827,3.298,3.55,4.138,4.049,4.178,3.851,4.465,3.744,3.251,0.0
p232_310.wav,1.452,,10.041,0.637,0.831,2.612,3.448,2.843,3.321,3.612,4.342,3.834,4.561,3.481,3.617,3.743,0.0
p232_311.wav,2.023,,5.496,-0.885,0.913,2.009,3.566,3.016,3.409,3.859,3.895,3.988,3.929,4.221,2.852,2.663,0.0
p232_312.wav,2.771,,1.414,-3.642,0.909,1.866,3.103,2.731,3.438,3.269,2.686,4.165,3.976,4.438,3.067,2.372,0.0
p232_313.wav,2.126,,18.607,9.601,0.91,2.721,3.609,2.891,3.499,3.374,3.335,4.23,3.858,4.388,3.727,3.121,0.0
p232_314.wav,1.78,,14.63,6.28,0.79,1.93,3.147,2.729,3.231,3.446,2.85,4.084,3.924,4.47,3.315,2.834,0.0
p232_315.wav,1.539,,10.388,2.597,0.749,2.024,3.401,2.913,3.396,3.533,3.459,3.016,3.362,4.087,2.838,2.856,0.0
p232_316.wav,1.632,,5.617,0.105,0.485,1.181,2.96,2.636,3.159,3.438,3.305,3.673,3.274,3.159,2.26,2.056,0.0
p232_317.wav,2.405,,23.367,13.476,0.977,3.354,3.784,3.101,3.634,3.505,4.171,4.344,3.518,4.44,4.093,3.58,0.143
p232_318.wav,2.391,,12.792,8.238,0.964,2.848,3.751,2.697,3.141,3.661,3.664,3.722,3.848,4.45,3.374,2.889,0.0
p232_319.wav,2.472,,6.875,4.308,0.939,2.472,3.426,2.851,3.465,3.335,3.709,4.529,4.061,4.705,3.762,3.248,0.0
p232_320.wav,1.981,,1.29,-4.253,0.82,1.937,3.537,2.588,3.24,3.164,3.826,3.68,3.658,3.88,3.358,3.107,0.4
p232_321.wav,2.558,,17.32,9.485,0.947,2.476,3.588,3.143,3.658,3.583,3.823,4.406,4.187,3.981,3.327,3.051,0.0
p232_322.wav,2.669,,14.383,4.678,0.754,1.726,3.336,2.645,3.188,3.34,3.774,2.569,3.636,4.175,2.417,2.028,0.0
p232_323.wav,2.122,,8.252,0.098,0.716,1.426,2.799,2.65,3.409,3.073,3.631,3.756,3.702,3.599,3.003,2.576,0.0
p232_324.wav,2.559,,1.984,-2.891,0.749,1.312,2.957,2.44,3.407,2.685,3.703,2.972,3.48,3.279,2.514,2.182,0.444
p232_325.wav,1.757,,16.654,4.023,0.885,2.013,3.069,2.808,3.338,3.473,2.917,2.887,3.611,4.181,2.826,2.372,0.25
p232_326.wav,1.651,,12.298,1.575,0.694,2.054,2.916,2.858,3.379,3.563,3.815,3.683,4.237,3.473,3.179,2.591,0.0
p232_327.wav,2.383,,7.581,0.223,0.837,1.646,3.008,2.765,3.47,3.199,3.803,2.685,3.798,3.179,2.944,2.482,0.0
p232_328.wav,2.655,,3.049,-4.725,0.607,1.345,3.044,2.188,3.074,2.808,3.411,3.142,3.807,3.301,2.023,1.577,0.333
p232_329.wav,1.99,,16.149,6.44,0.985,2.8,3.551,3.024,3.352,3.911,4.355,3.524,3.516,4.062,3.665,3.268,0.0
p232_330.wav,2.213,,10.568,0.524,0.876,2.476,3.594,2.909,3.279,3.837,4.148,3.06,3.876,4.373,2.863,2.673,0.0
p232_331.wav,2.291,,5.725,11.283,0.923,3.174,3.73,2.544,3.291,3.108,3.406,4.491,3.902,4.318,3.358,3.251,0.0
p232_332.wav,2.144,,0.68,-8.675,0.968,2.286,3.362,2.889,3.479,3.404,2.881,4.211,3.656,4.153,3.706,3.077,0.0
p232_333.wav,1.995,,18.052,7.978,0.867,2.584,3.459,2.782,3.412,3.254,3.778,4.346,3.799,4.798,3.695,3.406,0.0
p232_334.wav,3.08,,17.479,10.877,0.935,2.08,3.502,2.572,3.389,2.951,4.106,4.379,3.75,4.403,3.596,3.275,0.0
p232_335.wav,2.092,,7.957,0.768,0.788,1.447,2.915,2.866,3.299,3.621,3.805,2.913,3.976,3.751,3.156,2.266,0.0
p232_336.wav,2.914,,7.088,2.125,0.693,1.561,3.239,2.272,2.736,3.377,3.493,4.272,4.329,4.209,2.8,2.386,0.0
p232_337.wav,2.855,,23.976,16.522,0.969,3.356,3.827,3.25,3.656,3.817,3.568,4.726,4.276,4.828,3.996,3.395,0.0
p232_338.wav,2.311,,13.504,7.991,0.956,2.291,3.708,3.203,3.515,4.027,3.588,3.57,3.789,4.133,3.248,2.864,0.0
p232_339.wav,1.965,,9.138,2.38,0.952,2.681,3.185,2.825,3.137,3.892,3.615,4.458,3.719,4.73,3.393,3.066,0.0
p232_340.wav,1.441,,1.674,-8.776,0.814,1.959,3.165,2.059,2.873,2.669,2.895,3.072,3.437,3.818,2.824,2.57,0.0
p232_341.wav,2.6,,17.316,6.887,0.839,1.913,3.428,2.925,3.316,3.82,3.968,3.113,3.925,3.809,3.086,2.568,0.0
p232_342.wav,2.623,,12.881,5.421,0.771,1.37,2.96,2.811,3.249,3.573,3.697,4.042,3.788,4.144,3.469,2.468,0.182
p232_343.wav,3.881,,7.253,-1.699,0.722,1.424,3.353,3.111,3.512,3.774,4.253,3.116,4.076,3.803,2.934,2.406,0.077
p232_344.wav,1.582,,1.969,-8.491,0.669,1.309,2.569,1.702,2.663,2.06,3.78,3.11,3.65,3.427,2.716,2.419,0.25
p232_346.wav,1.953,,17.422,8.009,0.863,2.43,3.676,3.137,3.497,3.886,3.999,4.657,3.439,4.725,3.406,3.177,0.0
p232_347.wav,3.295,,13.266,5.542,0.936,1.993,3.485,2.483,3.43,2.825,3.347,3.197,4.272,4.644,2.652,2.055,0.3
p232_348.wav,2.745,,8.519,2.614,0.8,1.574,3.431,2.387,3.284,2.782,3.987,2.866,3.954,3.236,2.87,2.472,0.0
p232_349.wav,2.658,,2.648,-3.585,0.715,1.365,3.174,2.575,3.273,3.139,3.43,2.583,4.346,3.586,2.118,1.722,0.0
p232_350.wav,2.77,,15.17,9.356,0.915,3.32,3.856,3.179,3.452,4.082,2.953,4.737,3.892,4.166,3.159,2.821,0.0
p232_351.wav,1.87,,10.638,2.023,0.925,2.931,3.429,3.031,3.48,3.713,4.439,3.13,4.074,3.882,3.634,2.999,0.25
p232_352.wav,1.841,,6.687,-2.671,0.934,2.641,3.254,3.049,3.532,3.71,3.147,2.975,4.051,3.996,3.25,2.859,0.0
p232_353.wav,2.414,,1.509,-4.854,0.913,2.106,3.534,2.864,3.265,3.795,3.542,3.286,3.859,3.947,2.782,2.521,0.0
p232_354.wav,1.685,,18.147,9.738,0.734,2.765,3.242,2.618,3.442,2.995,3.638,4.036,3.674,4.058,3.015,2.652,0.0
p232_355.wav,3.108,,17.369,12.064,0.928,2.171,3.776,3.023,3.574,3.47,3.315,3.953,4.07,4.352,2.935,2.643,0.077
p232_356.wav,2.963,,11.112,4.668,0.842,1.604,3.431,2.878,3.258,3.759,3.494,4.506,4.308,4.341,2.62,2.49,0.091
p232_357.wav,2.216,,5.359,4.497,0.879,1.586,3.261,2.994,3.542,3.494,3.873,3.662,4.097,3.935,3.541,3.048,0.125
p232_358.wav,1.739,,18.798,9.343,0.841,2.965,3.287,2.739,3.503,3.113,2.618,4.004,3.216,4.553,3.238,2.752,0.0
p232_359.wav,1.473,,10.069,1.433,0.791,3.093,3.471,3.048,3.46,3.824,3.676,3.648,3.452,4.109,3.87,3.142,0.0
p232_360.wav,2.733,,7.223,2.215,0.825,1.886,3.788,2.777,3.631,3.018,2.975,3.951,2.785,4.29,2.906,2.31,0.1
p232_361.wav,1.935,,0.463,-8.994,0.932,2.624,3.343,3.206,3.638,3.874,3.279,3.257,2.936,3.917,3.228,2.751,0.0
p232_362.wav,2.875,,19.345,11.047,0.956,2.055,3.563,2.938,3.649,3.304,4.046,3.847,4.242,4.065,2.984,2.698,0.0
p232_363.wav,3.326,,13.36,6.292,0.863,1.801,3.787,2.916,3.48,3.454,3.585,3.177,3.803,4.111,2.596,2.247,0.0
p232_364.wav,2.471,,7.76,1.552,0.893,1.842,3.237,2.651,3.26,3.3,4.044,3.838,4.26,3.888,3.163,2.453,0.0
p232_365.wav,2.223,,1.602,-6.224,0.69,1.493,2.785,2.448,3.269,2.902,3.576,3.292,3.436,3.787,2.536,1.973,0.143
p232_366.wav,1.977,,16.563,6.712,0.958,2.553,3.586,3.068,3.426,3.893,3.674,3.841,4.172,3.661,3.56,3.112,0.0
p232_367.wav,1.827,,12.155,2.142,0.781,1.891,3.416,2.758,3.396,3.342,3.774,3.153,3.57,4.302,3.326,2.857,0.0
p232_368.wav,1.988,,6.98,0.184,0.813,2.188,3.674,2.664,3.127,3.66,4.284,3.872,4.01,3.964,3.309,2.669,0.0
p232_369.wav,3.259,,3.517,-1.555,0.815,1.437,3.281,2.633,3.165,3.483,3.836,2.912,4.057,3.291,2.716,2.389,0.0
p232_370.wav,1.611,,15.559,6.463,0.937,2.772,3.595,2.61,3.024,3.683,3.848,4.095,3.891,3.995,3.447,3.271,0.0
p232_371.wav,1.849,,10.575,2.417,0.97,2.6,3.386,2.963,3.349,3.775,3.594,3.664,3.812,3.778,3.007,2.897,0.0
p232_372.wav,3.371,,7.086,0.977,0.843,2.028,3.714,2.775,3.464,3.221,3.623,3.325,4.062,4.005,2.867,2.447,0.364
p232_373.wav,3.252,,1.99,-2.362,0.979,2.156,3.653,2.751,3.211,3.619,4.127,3.732,4.049,4.519,3.154,2.645,0.0
p232_374.wav,2.918,,19.454,11.271,0.935,2.241,3.265,2.916,3.581,3.252,4.001,4.155,4.012,4.504,3.493,2.743,0.0
p232_375.wav,2.552,,16.652,8.034,0.932,2.303,3.461,2.916,3.515,3.34,3.962,3.138,3.877,3.747,2.724,2.491,0.0
p232_377.wav,2.967,,10.344,6.475,0.927,2.01,3.653,2.667,3.108,3.662,3.67,4.085,3.858,4.131,2.99,2.737,0.286
p232_378.wav,3.551,,7.395,2.836,0.856,1.562,3.635,2.972,3.34,3.849,4.03,3.264,4.575,4.01,3.158,2.802,0.091
p232_379.wav,2.659,,22.339,13.65,0.928,2.851,3.723,2.806,3.579,3.163,3.062,4.615,3.968,4.504,3.843,3.397,0.0
p232_380.wav,2.822,,15.857,11.226,0.943,2.36,3.582,3.4,3.687,4.051,4.231,4.413,3.973,4.497,3.618,3.181,0.091
p232_381.wav,2.035,,16.385,9.259,0.851,2.034,3.604,2.703,3.529,2.974,3.791,3.862,3.689,4.58,3.335,2.354,0.0
p232_382.wav,1.898,,1.225,-4.652,0.887,2.93,3.404,2.963,3.421,3.755,3.788,4.34,3.485,4.117,3.555,3.198,0.25
p232_383.wav,1.675,,16.443,5.568,0.919,1.836,3.362,3.192,3.55,3.959,3.418,4.389,4.37,4.19,2.906,2.754,0.333
p232_384.wav,1.76,,11.875,2.768,0.707,1.927,3.101,2.74,3.3,3.415,3.871,4.369,3.956,4.375,3.499,3.016,0.0
p232_385.wav,3.007,,6.755,-0.358,0.749,1.541,3.361,2.665,3.613,2.903,3.36,3.859,4.077,3.561,3.112,2.694,0.083
p232_386.wav,2.243,,2.653,-5.441,0.568,1.263,2.796,2.315,2.947,2.993,3.525,2.611,3.496,3.648,2.714,2.367,0.5
p232_387.wav,3.003,,16.395,9.184,0.927,2.305,3.384,2.843,3.479,3.31,3.804,3.779,4.302,4.55,3.45,2.801,0.0
p232_388.wav,2.532,,14.17,5.471,0.751,1.631,3.124,2.628,3.473,2.936,3.663,3.073,4.354,3.662,2.861,2.535,0.286
p232_389.wav,2.104,,10.63,3.064,0.838,1.267,2.803,2.535,3.3,3.0,2.144,4.016,3.447,3.975,2.738,2.283,0.125
p232_390.wav,1.843,,1.628,-5.666,0.671,1.434,2.989,2.626,3.156,3.435,3.482,3.558,3.7,3.44,3.254,2.477,0.0
p232_391.wav,1.822,,16.349,8.397,0.972,3.118,3.294,2.911,3.357,3.706,2.812,4.277,4.586,4.705,3.221,2.973,0.0
p232_392.wav,3.221,,11.857,5.662,0.949,3.341,3.533,3.072,3.517,3.744,3.802,3.579,3.696,4.667,3.329,2.976,0.0
p232_393.wav,3.276,,6.776,0.281,0.99,2.805,3.485,3.148,3.456,4.006,3.05,3.468,4.149,4.563,3.013,2.621,0.0
p232_394.wav,3.186,,1.6,-4.068,0.981,2.121,3.563,2.925,3.58,3.374,3.931,4.174,4.357,4.486,3.676,2.652,0.0
p232_396.wav,1.847,,16.369,7.58,0.883,2.175,3.279,3.174,3.531,3.896,4.205,4.528,3.679,4.773,3.432,3.09,0.0
p232_397.wav,3.06,,14.593,9.775,0.971,2.522,3.682,2.756,3.328,3.377,3.982,3.061,4.152,3.845,2.67,2.339,0.091
p232_398.wav,2.976,,10.068,3.963,0.861,1.897,3.533,2.619,3.444,2.948,3.5,2.648,3.885,4.05,2.693,2.194,0.0
p232_399.wav,2.241,,3.5,-2.842,0.719,1.463,3.216,2.828,3.485,3.315,3.78,3.6,3.214,3.24,2.855,2.423,0.0
p232_400.wav,2.683,,17.564,10.724,0.996,3.117,3.592,2.85,3.182,3.857,3.184,3.974,4.162,4.299,3.514,3.071,0.0
p232_402.wav,1.78,,7.537,0.512,0.862,1.974,3.171,2.48,2.811,3.747,4.309,3.347,4.273,3.623,2.964,2.803,0.0
p232_403.wav,2.151,,13.634,6.266,0.832,1.353,2.969,2.971,3.547,3.443,3.25,3.633,3.5,4.23,2.981,2.7,0.0
p232_404.wav,2.482,,16.289,5.798,0.891,2.296,3.336,2.792,3.278,3.561,3.688,3.917,4.188,4.326,3.458,3.201,0.0
p232_405.wav,2.542,,10.011,7.192,0.926,2.134,3.637,2.973,3.618,3.44,4.002,4.453,3.916,4.491,3.613,2.606,0.0
p232_407.wav,1.488,,-0.483,-8.988,0.482,1.123,2.687,2.375,2.847,3.361,3.839,4.031,3.205,3.852,2.992,2.475,0.25
p232_409.wav,4.09,,5.562,0.283,0.692,1.35,3.566,2.658,3.127,3.549,3.347,3.946,4.309,4.352,3.217,2.591,0.455
p232_410.wav,3.235,,6.723,1.427,0.882,2.07,3.349,2.773,3.476,3.185,3.794,3.414,3.336,3.606,2.966,2.556,0.0
p232_411.wav,2.113,,15.516,5.541,0.922,2.63,3.626,3.103,3.428,3.958,3.502,3.829,3.375,4.316,3.756,3.396,0.0
p232_412.wav,3.35,,16.207,9.255,0.855,1.923,3.52,2.885,3.577,3.299,3.519,3.438,3.828,3.722,2.943,2.443,0.0
p232_413.wav,2.269,,12.376,5.117,0.989,2.942,3.379,2.963,3.286,3.889,3.176,4.146,3.717,4.052,3.198,2.876,0.0
p232_414.wav,1.74,,1.282,-7.795,0.66,1.405,2.597,2.701,3.528,3.03,3.093,2.784,3.435,3.16,2.705,2.12,0.0
p232_415.wav,2.804,,3.002,-5.956,0.586,1.213,2.927,2.713,3.303,3.357,3.674,2.975,3.946,3.673,2.81,2.433,0.0
p257_001.wav,2.22,,13.141,5.812,0.793,2.726,3.495,2.766,3.432,3.199,3.372,3.957,3.136,4.203,3.255,2.844,0.333
p257_002.wav,2.776,,13.45,7.322,0.951,2.636,3.248,2.827,3.336,3.466,3.598,3.772,4.289,4.271,3.587,3.067,0.0
p257_003.wav,5.521,,8.469,3.547,0.824,1.973,3.508,2.912,3.649,3.15,3.11,3.734,3.334,3.619,2.983,2.225,0.105
p257_004.wav,3.631,,10.123,4.546,0.859,1.771,3.04,2.639,3.383,2.985,3.877,3.225,4.031,4.343,3.164,2.2,0.067
p257_006.wav,4.274,,18.234,11.449,0.92,2.386,3.365,3.142,3.573,3.787,3.197,3.584,3.859,3.723,2.55,2.219,0.059
p257_007.wav,3.398,,13.42,5.941,0.791,1.545,3.158,2.16,3.015,2.689,2.935,3.776,3.924,3.513,2.752,2.289,0.083
p257_008.wav,5.583,,9.173,3.821,0.79,1.479,3.567,2.686,3.495,2.918,3.575,3.522,4.312,3.518,3.065,2.76,0.091
p257_009.wav,3.453,,4.198,-1.628,0.581,1.169,3.036,1.165,1.383,1.305,3.048,3.384,4.124,3.424,2.471,1.745,0.538
p257_010.wav,2.37,,17.808,8.39,0.912,2.396,3.135,2.727,3.211,3.556,3.603,4.577,3.408,4.863,2.908,2.627,0.0
p257_011.wav,5.108,,11.804,10.033,0.944,2.738,3.201,3.141,3.423,4.04,3.854,4.191,3.929,4.112,3.331,2.973,0.0
p257_012.wav,3.458,,11.047,7.699,0.884,1.945,3.22,3.189,3.601,3.781,3.666,3.113,3.561,4.127,2.757,2.374,0.1
p257_013.wav,3.138,,3.169,-3.588,0.699,1.142,2.912,2.355,3.041,3.004,2.921,3.643,3.519,3.841,2.998,2.43,0.375
p257_014.wav,3.692,,16.444,11.027,0.972,3.106,3.313,3.203,3.579,3.845,3.125,3.816,3.757,4.62,3.544,3.059,0.0
p257_015.wav,4.693,,11.973,7.437,0.979,3.22,3.643,3.392,3.646,4.12,3.438,3.73,3.291,3.92,3.228,2.755,0.0
p257_016.wav,5.348,,7.279,2.058,0.958,2.505,3.378,3.11,3.432,3.983,3.179,3.405,3.507,4.395,3.102,2.6,0.15
p257_017.wav,2.871,,1.837,-4.76,0.908,1.798,2.889,2.945,3.399,3.656,3.263,3.141,3.259,3.595,2.583,2.016,0.0
p257_018.wav,4.419,,19.819,12.791,0.958,3.087,3.514,3.082,3.601,3.551,3.01,4.298,3.634,4.281,3.588,3.224,0.118
p257_019.wav,5.52,,18.61,11.899,0.941,2.515,3.385,2.893,3.524,3.312,2.876,4.27,4.627,4.563,3.393,2.787,0.0
p257_020.wav,3.419,,16.245,8.568,0.891,2.071,3.155,2.604,3.433,2.957,3.192,4.646,3.818,4.666,3.454,3.193,0.0
p257_022.wav,4.856,,5.857,4.263,0.85,1.666,3.33,2.815,3.559,3.133,3.251,4.073,3.678,4.097,3.104,2.307,0.222
p257_023.wav,8.214,,18.385,13.786,0.977,3.118,3.657,3.094,3.6,3.603,4.274,4.396,4.451,4.577,3.824,3.323,0.056
p257_024.wav,4.685,,13.689,11.533,0.975,3.337,3.754,3.378,3.649,4.104,3.465,4.688,4.364,4.766,3.42,2.628,0.048
p257_025.wav,2.742,,7.983,2.541,0.917,2.645,3.459,3.067,3.502,3.683,3.714,3.471,4.11,4.478,3.478,3.041,0.0
p257_026.wav,1.759,,2.461,0.174,0.701,2.018,2.851,2.932,3.398,3.652,3.504,3.41,4.123,4.392,2.967,2.425,0.0
p257_027.wav,3.018,,18.058,10.884,0.931,2.594,3.453,2.857,3.44,3.323,3.475,3.713,3.836,4.025,3.532,3.038,0.083
p257_028.wav,1.837,,12.747,4.133,0.719,1.826,3.021,2.565,3.195,3.144,3.786,3.041,3.926,3.322,2.955,2.427,0.0
p257_029.wav,2.125,,7.597,-2.16,0.693,1.497,3.011,3.077,3.595,3.674,3.678,3.233,4.348,4.33,3.427,2.319,0.4
p257_030.wav,2.891,,3.461,-2.288,0.774,1.162,3.059,3.117,3.618,3.663,3.939,3.76,3.858,3.932,3.231,2.809,0.167
p257_031.wav,1.314,,16.459,7.225,0.699,2.087,3.153,2.555,2.895,3.79,4.109,3.653,3.854,3.907,3.353,3.094,0.0
p257_032.wav,3.026,,13.782,3.769,0.875,1.913,2.961,2.987,3.562,3.495,3.907,3.197,4.201,3.832,3.203,2.782,0.0
p257_033.wav,1.759,,7.994,-0.455,0.668,1.295,2.697,2.551,3.112,3.28,3.145,3.726,3.615,4.004,3.001,2.709,0.0
p257_034.wav,1.91,,2.035,-6.834,0.717,1.533,2.759,2.349,3.304,2.527,3.265,3.23,3.191,3.08,2.252,1.973,0.75
p257_035.wav,3.28,,16.914,9.468,0.988,3.067,3.194,3.167,3.513,3.957,3.775,3.306,4.627,4.715,3.761,3.35,0.222
p257_036.wav,1.786,,10.321,0.114,0.854,2.326,3.367,2.805,3.114,3.869,4.116,4.227,4.145,4.426,3.864,3.235,0.0
p257_037.wav,1.455,,5.612,-2.939,0.8,1.868,3.165,2.794,3.219,3.757,4.366,3.272,3.568,3.7,3.335,2.822,0.0
p257_038.wav,3.269,,2.443,-1.356,0.94,2.36,3.292,2.959,3.523,3.47,3.187,3.682,3.402,3.356,2.956,2.606,0.231
p257_039.wav,2.662,,18.077,10.867,0.951,3.07,3.412,3.164,3.569,3.8,2.801,4.207,4.013,3.875,3.403,2.893,0.0
p257_040.wav,2.668,,14.761,6.67,0.862,1.855,3.016,2.822,3.594,3.132,3.693,4.068,3.564,4.041,3.088,2.916,0.222
p257_041.wav,1.712,,8.781,1.834,0.695,1.527,2.912,2.985,3.381,3.767,3.963,4.146,4.117,4.185,3.413,3.063,0.0
p257_042.wav,1.84,,1.65,-3.676,0.503,1.2,2.752,2.269,2.59,3.677,3.769,2.863,3.573,3.747,2.602,2.315,0.0
p257_043.wav,2.077,,19.8,11.004,0.867,2.803,3.242,2.784,3.54,3.124,3.171,4.439,3.839,4.648,3.291,2.947,0.0
p257_044.wav,1.794,,11.557,4.735,0.831,2.517,3.427,2.714,3.228,3.462,3.419,4.106,3.58,4.583,3.667,3.037,0.0
p257_045.wav,1.625,,17.875,5.841,0.762,2.296,2.998,2.91,3.232,3.847,3.377,3.602,3.488,4.606,3.237,2.847,0.0
p257_046.wav,1.541,,2.733,-1.527,0.771,2.343,3.362,2.544,2.918,3.659,3.068,3.964,3.405,3.414,2.642,2.62,0.0
p257_047.wav,2.694,,17.28,7.631,0.814,2.21,2.995,3.347,3.613,4.118,3.969,3.906,3.779,4.152,3.621,3.051,0.091
p257_048.wav,1.682,,14.082,4.815,0.776,1.73,3.133,2.696,3.365,3.137,3.421,3.615,3.693,3.396,3.071,2.781,0.0
p257_049.wav,3.149,,7.775,2.887,0.83,1.302,3.165,2.244,3.137,2.665,3.696,4.012,4.502,3.963,3.003,2.632,0.091
p257_050.wav,1.921,,0.875,-8.676,0.4,1.036,2.573,1.527,2.327,1.555,4.468,2.78,3.354,3.25,2.767,2.41,0.75
p257_051.wav,2.904,,17.712,9.93,0.943,2.621,3.296,3.046,3.32,3.983,3.609,3.7,3.733,4.003,3.148,2.645,0.0
p257_052.wav,2.03,,13.78,5.363,0.886,2.474,3.282,2.348,2.941,3.266,3.412,4.331,3.689,3.819,3.461,3.183,0.125
p257_053.wav,2.539,,8.133,-0.905,0.703,1.241,2.852,2.771,3.357,3.387,3.66,4.156,4.271,3.701,3.667,3.274,0.0
p257_054.wav,2.159,,3.297,-7.374,0.604,1.176,2.647,2.621,3.188,3.383,3.968,2.44,4.016,3.691,2.632,2.117,0.714
p257_055.wav,2.497,,15.875,7.222,0.946,3.081,3.161,2.815,3.201,3.759,3.735,3.413,4.262,3.944,3.36,2.999,0.0
p257_056.wav,1.47,,11.359,2.339,0.846,2.687,2.898,2.527,3.077,3.357,3.616,3.561,3.355,3.806,3.185,2.837,0.0
p257_057.wav,2.916,,7.873,0.621,0.945,2.529,3.156,2.917,3.433,3.522,3.008,3.896,3.529,4.414,2.929,2.916,0.0
p257_058.wav,1.928,,0.616,-7.199,0.818,1.315,2.754,3.023,3.627,3.531,2.641,4.162,3.692,3.727,2.195,1.98,0.0
p257_059.wav,3.728,,19.827,10.321,0.938,2.374,3.24,3.124,3.665,3.579,3.854,3.589,4.165,4.469,3.265,2.829,0.182
p257_060.wav,1.64,,14.815,5.508,0.788,2.376,3.099,2.983,3.439,3.651,3.602,4.377,4.142,4.626,3.182,2.733,0.0
p257_061.wav,2.068,,11.644,0.628,0.625,1.757,2.812,2.373,3.411,2.615,3.017,3.634,3.741,4.07,3.286,2.447,0.0
p257_062.wav,2.433,,5.134,-0.381,0.718,1.359,3.366,2.626,3.397,2.949,3.907,3.358,4.079,3.523,3.204,2.914,0.375
p257_063.wav,2.054,,16.946,6.919,0.757,2.148,2.946,2.735,3.26,3.371,3.039,4.436,3.649,4.242,2.92,2.726,0.167
p257_064.wav,2.062,,19.745,6.783,0.824,2.533,2.979,2.612,3.216,3.153,3.67,4.686,3.996,3.933,3.713,3.178,0.8
p257_065.wav,2.589,,12.713,7.432,0.886,2.383,3.111,2.931,3.445,3.5,2.85,4.181,3.329,4.291,3.074,2.776,0.0
p257_066.wav,2.71,,3.435,-2.276,0.801,1.974,3.197,2.639,3.547,2.825,3.198,3.722,3.367,4.112,3.256,2.9,0.111
p257_067.wav,1.754,,15.879,5.757,0.703,1.947,3.192,2.383,3.211,2.817,3.769,4.171,3.352,3.79,3.022,2.57,0.0
p257_068.wav,1.982,,14.56,4.609,0.749,2.177,3.293,2.734,3.328,3.281,3.386,3.955,4.07,4.59,2.944,2.704,0.167
p257_069.wav,2.789,,8.692,0.021,0.417,1.209,2.768,2.376,3.077,2.898,3.686,2.936,3.342,3.646,2.545,1.87,0.625
p257_070.wav,2.39,,4.648,-3.427,0.403,1.144,2.736,2.758,3.154,3.655,3.222,3.322,3.784,3.843,2.723,2.202,0.667
p257_071.wav,3.706,,17.038,8.384,0.896,2.47,3.158,2.808,3.199,3.706,3.234,4.179,3.987,4.413,3.34,2.854,0.1
p257_072.wav,1.845,,12.024,3.402,0.784,1.649,3.1,3.31,3.654,3.979,3.787,3.189,4.559,3.696,3.007,2.824,0.0
p257_073.wav,2.459,,8.876,1.91,0.804,2.145,3.352,3.32,3.628,4.065,3.417,3.95,3.866,3.968,3.069,2.546,0.0
p257_074.wav,1.711,,1.425,-7.722,0.556,1.484,2.857,1.112,1.221,1.289,3.895,3.449,3.463,3.78,2.89,2.548,0.0
p257_075.wav,1.979,,15.584,6.384,0.931,2.966,3.276,3.093,3.424,3.952,3.079,4.083,3.517,3.945,3.298,2.92,0.2
p257_076.wav,1.724,,10.808,1.988,0.836,2.605,2.917,2.961,3.297,3.931,3.302,3.81,4.249,4.463,3.053,2.709,0.0
p257_077.wav,2.12,,6.01,-1.494,0.836,1.999,3.312,2.773,3.324,3.47,3.042,3.616,3.862,4.562,3.077,2.868,0.0
p257_078.wav,3.172,,1.585,-4.847,0.848,1.17,3.054,2.846,3.375,3.526,3.326,2.95,4.167,3.98,2.805,2.369,0.222
p257_079.wav,2.821,,18.947,10.748,0.91,2.583,3.248,3.357,3.671,3.96,3.633,3.716,3.571,4.297,3.288,3.001,0.091
p257_080.wav,3.484,,18.539,9.483,0.884,2.332,3.198,2.755,3.445,3.183,3.364,3.232,4.21,4.632,2.785,2.325,0.214
p257_081.wav,1.95,,10.313,1.057,0.524,1.18,2.962,2.555,3.088,3.464,3.325,3.924,3.611,3.674,3.156,2.781,0.0
p257_082.wav,2.965,,3.944,-0.614,0.703,1.48,3.07,2.97,3.501,3.506,3.661,3.166,4.07,3.944,3.043,2.556,0.182
p257_083.wav,2.226,,16.863,8.911,0.955,3.097,3.211,2.687,3.055,3.63,3.289,3.492,3.958,3.791,2.963,2.655,0.125
p257_084.wav,2.883,,13.167,7.623,0.944,2.782,3.302,3.397,3.681,4.061,3.127,4.16,3.427,4.506,2.99,2.711,0.1
p257_085.wav,2.526,,9.383,5.245,0.902,1.434,3.464,3.407,3.698,4.089,3.486,4.448,3.731,3.245,3.25,2.983,0.0
p257_086.wav,1.575,,1.754,-4.304,0.837,2.582,3.492,2.5,3.092,3.381,4.184,3.351,3.529,3.708,3.376,2.925,0.0
p257_087.wav,2.565,,17.231,7.527,0.702,1.76,3.273,2.73,3.296,3.353,3.783,3.525,4.051,4.239,2.532,2.331,0.375
p257_088.wav,3.301,,14.442,6.786,0.843,1.685,3.267,3.213,3.579,3.872,3.731,3.655,4.022,4.257,3.065,2.865,0.167
p257_089.wav,2.89,,7.83,1.376,0.763,1.607,3.285,2.746,3.364,3.383,4.18,3.767,4.132,4.205,3.043,2.381,0.0
p257_090.wav,1.886,,2.579,-5.524,0.244,1.103,2.614,1.856,2.626,2.291,4.102,2.925,3.868,3.377,3.195,2.889,1.0
p257_091.wav,1.914,,16.987,6.804,0.787,1.679,3.179,2.785,3.243,3.604,3.256,3.916,4.011,4.621,3.314,2.863,0.25
p257_092.wav,2.8,,11.939,1.296,0.582,1.885,3.154,2.689,3.06,3.761,4.015,3.385,4.061,3.69,3.188,2.795,0.0
p257_093.wav,1.651,,7.066,-4.491,0.602,1.479,2.469,2.442,3.072,3.148,2.771,3.649,3.472,4.199,3.029,2.711,0.0
p257_094.wav,2.26,,1.61,-9.045,0.459,1.305,3.164,2.776,3.449,3.315,3.627,3.627,3.889,3.769,2.997,2.535,0.0
p257_095.wav,3.444,,16.749,11.41,0.976,3.143,3.45,3.306,3.603,4.054,4.075,4.079,4.337,4.064,3.974,3.419,0.0
p257_096.wav,2.57,,11.028,3.215,0.804,2.069,3.348,3.306,3.541,4.159,4.126,3.511,3.83,4.443,3.839,3.338,0.0
p257_097.wav,2.712,,6.513,0.859,0.873,2.326,3.233,3.054,3.433,3.796,3.143,4.278,3.702,4.584,3.157,2.908,0.0
p257_098.wav,2.06,,-0.358,-9.911,0.596,1.1,2.803,2.718,3.317,3.323,2.666,3.21,3.309,3.839,2.388,2.247,0.0
p257_099.wav,2.718,,19.711,10.437,0.908,2.533,3.232,3.2,3.62,3.737,3.373,3.8,3.966,4.379,3.267,2.954,0.0
p257_100.wav,1.465,,12.213,6.762,0.765,1.221,3.192,2.449,2.95,3.469,3.842,3.144,3.466,3.328,3.147,2.915,0.0
p257_101.wav,4.305,,10.764,5.414,0.821,1.573,3.325,2.485,3.17,3.013,4.308,4.009,4.332,4.431,3.447,3.024,0.25
p257_102.wav,2.592,,6.57,1.215,0.693,1.293,2.898,2.908,3.34,3.661,3.367,3.989,4.113,3.836,2.816,2.356,0.6
p257_103.wav,1.999,,19.805,9.03,0.819,2.415,3.241,2.837,3.281,3.625,4.04,3.473,3.812,3.995,3.414,3.047,0.0
p257_104.wav,2.114,,12.941,6.808,0.871,2.749,3.224,3.279,3.551,4.103,3.32,4.657,4.194,4.385,3.698,3.396,0.0
p257_105.wav,1.967,,6.363,3.916,0.848,1.586,3.504,2.873,3.271,3.875,3.766,4.295,3.635,4.042,3.746,3.029,0.0
p257_106.wav,2.57,,3.395,0.285,0.823,1.838,3.098,3.1,3.601,3.608,2.986,3.935,3.159,4.585,2.957,2.556,0.25
p257_107.wav,1.915,,17.191,9.174,0.849,1.926,3.091,2.529,3.248,3.047,3.754,3.806,3.396,3.653,3.086,2.816,0.167
p257_108.wav,2.232,,11.736,2.165,0.759,1.09,2.748,2.581,3.274,3.129,3.342,2.982,4.268,3.781,2.442,2.241,0.0
p257_109.wav,2.115,,8.682,3.276,0.79,1.666,2.784,2.152,3.061,2.408,2.995,3.723,3.569,3.71,2.759,2.322,0.125
p257_110.wav,1.595,,3.146,-1.603,0.512,1.205,2.523,1.845,2.632,2.382,4.25,3.52,3.544,3.555,3.289,2.639,0.0
p257_111.wav,2.432,,15.505,6.173,0.716,1.578,2.877,2.6,3.434,2.877,2.962,3.372,3.215,4.018,2.482,1.838,0.0
p257_112.wav,2.134,,13.426,5.525,0.789,1.605,2.984,3.002,3.619,3.393,3.539,3.24,3.45,3.314,2.75,2.59,0.0
p257_113.wav,1.699,,8.272,1.601,0.654,1.597,3.008,2.869,3.276,3.694,3.288,3.198,3.348,3.229,3.061,2.969,0.0
p257_114.wav,1.624,,2.723,-7.014,0.391,1.06,2.553,1.19,1.512,1.306,3.189,2.878,3.906,3.431,2.612,2.054,0.25
p257_115.wav,2.221,,16.082,7.588,0.932,2.624,3.535,2.85,3.164,3.934,3.141,4.062,3.899,3.979,3.174,2.723,0.0
p257_116.wav,3.311,,14.791,7.549,0.963,3.165,3.215,3.338,3.594,4.126,3.381,4.035,3.498,4.211,3.237,2.917,0.0
p257_117.wav,2.235,,6.775,-0.669,0.885,2.007,3.251,3.093,3.562,3.683,3.264,3.544,3.752,4.329,2.901,2.518,0.25
p257_118.wav,3.529,,1.819,-3.561,0.949,1.825,3.134,2.907,3.412,3.574,3.778,2.864,3.774,3.738,2.858,2.349,0.071
p257_119.wav,1.966,,16.628,7.574,0.818,2.568,3.213,2.775,3.171,3.64,2.611,3.64,3.437,4.398,3.201,2.913,0.0
p257_120.wav,1.412,,15.677,5.681,0.563,1.642,2.966,2.944,3.387,3.58,3.776,3.651,3.545,3.86,3.334,3.104,0.0
p257_121.wav,3.301,,12.996,5.604,0.805,1.861,3.416,2.866,3.289,3.699,3.564,2.853,3.901,3.087,2.486,1.977,0.091
p257_122.wav,1.478,,3.263,-0.851,0.532,1.228,2.681,2.587,2.945,3.697,3.546,3.843,4.021,4.002,3.093,2.595,0.0
p257_123.wav,2.216,,17.348,9.121,0.973,3.049,3.183,2.898,3.254,3.847,3.167,3.873,3.798,4.288,3.786,2.84,0.0
p257_124.wav,1.75,,12.421,4.143,0.765,2.514,3.062,2.379,2.93,3.172,3.552,3.442,3.687,4.101,3.318,2.817,0.0
p257_125.wav,1.91,,13.216,4.407,0.577,1.589,2.816,2.41,2.849,3.445,4.239,4.51,4.205,4.804,3.986,3.518,0.0
p257_126.wav,2.351,,6.361,0.763,0.752,1.851,3.165,3.291,3.646,3.943,3.645,3.667,3.877,4.378,3.305,2.687,0.0
p257_127.wav,3.027,,16.784,9.534,0.85,2.372,2.975,2.864,3.516,3.241,3.329,4.737,4.387,4.412,3.577,3.171,0.0
p257_128.wav,2.649,,11.751,4.482,0.775,1.866,3.396,2.946,3.439,3.594,3.696,3.374,3.884,3.802,3.176,2.6,0.0
p257_129.wav,2.542,,8.967,1.362,0.635,1.437,3.269,2.537,3.312,3.022,4.173,3.274,4.732,3.933,3.453,2.873,0.143
p257_130.wav,3.171,,2.319,-4.54,0.425,1.161,2.876,2.577,3.349,2.945,3.296,3.59,4.191,3.68,2.594,2.313,0.917
p257_131.wav,1.501,,17.009,5.78,0.84,2.508,2.743,2.644,3.283,3.229,3.938,3.406,4.317,3.698,3.629,3.348,0.0
p257_132.wav,3.133,,15.178,6.513,0.826,2.076,3.099,2.665,3.38,3.056,3.183,3.705,3.892,4.698,2.732,2.295,0.375
p257_133.wav,2.476,,7.764,-2.39,0.759,1.318,3.035,2.668,3.403,3.099,3.799,4.061,3.816,4.59,3.52,2.927,0.6
p257_135.wav,3.481,,6.201,-0.042,0.666,1.24,3.003,2.646,3.38,3.218,3.528,3.539,4.295,4.411,3.124,2.325,0.1
p257_136.wav,2.212,,16.191,9.534,0.942,3.243,3.511,3.246,3.522,4.112,3.882,4.365,4.421,4.733,3.184,2.906,0.0
p257_137.wav,1.969,,11.822,3.612,0.788,2.347,3.154,2.909,3.341,3.634,3.665,3.33,3.392,4.147,3.807,3.077,0.0
p257_138.wav,1.964,,6.458,1.513,0.883,2.066,3.241,2.809,3.154,3.868,3.286,4.306,3.361,4.35,2.956,2.583,0.0
p257_139.wav,1.764,,0.437,-7.663,0.687,1.383,2.681,2.986,3.452,3.718,2.716,3.836,3.131,3.929,2.748,2.378,0.0
p257_140.wav,1.88,,15.94,5.549,0.622,2.144,3.178,2.506,3.124,3.127,3.327,3.934,3.485,3.991,3.213,2.836,0.0
p257_141.wav,2.109,,20.185,8.948,0.86,2.375,3.119,2.954,3.634,3.264,3.523,3.32,3.622,4.589,3.279,2.797,0.0
p257_142.wav,3.747,,15.445,7.818,0.775,1.942,3.251,2.612,3.283,3.101,3.808,4.245,3.983,4.517,3.036,2.722,0.0
p257_143.wav,2.521,,7.346,1.901,0.657,1.15,3.022,2.645,3.166,3.463,4.139,3.455,4.207,3.261,3.067,2.689,0.333
p257_144.wav,2.799,,15.912,10.273,0.952,3.299,3.099,2.972,3.377,3.73,2.95,3.633,3.807,4.15,3.159,2.873,0.0
p257_145.wav,3.371,,13.085,6.854,0.927,2.935,3.26,2.817,3.384,3.398,3.34,4.202,4.43,4.634,3.325,2.914,0.0
p257_146.wav,2.049,,7.742,1.198,0.804,1.803,3.213,2.431,2.916,3.307,3.874,2.993,4.083,3.444,2.817,2.461,0.0
p257_147.wav,3.034,,2.877,3.942,0.83,1.515,3.145,2.378,3.161,2.929,3.443,3.07,4.146,4.469,3.207,2.758,0.0
p257_148.wav,1.851,,15.262,7.971,0.867,2.331,2.956,3.148,3.539,3.777,3.63,3.946,4.063,4.38,3.445,2.52,0.0
p257_149.wav,2.477,,12.131,1.472,0.678,1.866,2.972,3.027,3.388,3.882,3.637,3.029,3.892,4.536,2.944,2.185,0.167
p257_150.wav,2.151,,9.249,2.449,0.644,1.123,2.997,2.154,2.703,3.355,4.279,3.343,4.308,3.374,3.139,2.5,1.167
p257_151.wav,2.356,,3.636,-5.793,0.47,1.12,2.362,1.11,1.199,1.118,2.829,3.56,3.607,3.261,2.316,1.798,0.889
p257_152.wav,1.57,,16.72,8.126,0.724,2.261,3.051,2.13,2.583,3.436,3.105,3.983,3.156,3.751,2.893,2.525,0.0
p257_153.wav,2.138,,14.358,4.934,0.754,2.137,2.794,3.095,3.486,3.768,3.767,2.771,4.025,4.133,3.143,2.683,0.0
p257_154.wav,3.32,,9.235,1.437,0.606,1.328,2.768,2.494,3.174,3.069,4.28,3.633,4.281,3.643,2.957,2.295,0.0
p257_155.wav,2.075,,3.533,-5.549,0.581,1.301,2.714,2.357,3.195,2.845,2.656,2.814,3.102,3.482,1.753,1.433,0.833
p257_156.wav,2.324,,15.677,7.709,0.967,3.436,3.366,3.05,3.424,3.891,3.742,3.99,3.864,3.85,3.019,2.725,0.125
p257_157.wav,3.104,,11.911,7.754,0.951,3.071,3.576,3.121,3.483,3.874,2.826,4.394,3.742,4.648,3.429,2.97,0.0
p257_158.wav,1.436,,5.37,-1.79,0.78,2.181,3.289,2.105,2.361,3.715,3.281,3.738,3.191,4.119,2.823,2.598,0.0
p257_159.wav,1.763,,0.445,-6.169,0.698,1.58,2.842,2.849,3.396,3.564,3.302,3.377,3.592,3.586,2.812,2.496,0.5
p257_160.wav,2.52,,17.482,9.882,0.856,2.336,3.405,3.208,3.517,4.02,3.327,4.524,3.597,4.768,3.896,3.327,0.0
p257_161.wav,2.173,,11.222,6.365,0.854,1.827,3.434,2.717,3.354,3.233,2.864,3.766,3.158,4.252,3.164,2.928,0.0
p257_162.wav,3.015,,10.808,4.747,0.76,1.683,3.135,2.514,3.256,2.955,3.635,3.382,3.916,4.053,2.967,2.479,0.091
p257_163.wav,2.246,,4.439,-1.226,0.569,1.177,2.933,2.631,3.151,3.367,3.309,3.08,4.142,2.743,2.266,2.081,0.111
p257_164.wav,3.417,,22.108,13.783,0.944,2.998,3.474,3.029,3.481,3.674,2.89,4.084,3.698,4.276,3.418,2.959,0.0
p257_165.wav,1.733,,10.272,3.755,0.832,2.85,3.24,2.978,3.316,3.93,3.184,3.941,3.116,4.494,3.444,3.129,0.0
p257_166.wav,2.276,,18.088,8.02,0.728,1.831,3.393,3.193,3.477,4.056,3.284,4.518,3.769,3.806,3.495,3.181,0.0
p257_167.wav,2.709,,7.429,3.458,0.843,1.792,2.701,2.531,3.491,2.673,2.942,2.236,3.811,3.529,2.423,1.991,0.111
p257_168.wav,3.157,,16.922,8.767,0.918,2.465,3.191,2.859,3.48,3.302,3.316,3.373,4.138,4.604,3.197,2.406,0.0
p257_169.wav,2.526,,15.237,5.268,0.83,1.956,3.099,2.907,3.464,3.465,4.088,4.265,4.214,4.134,3.535,3.217,0.0
p257_170.wav,2.073,,6.178,-0.409,0.695,1.164,2.987,2.431,2.993,3.298,3.929,4.122,4.202,4.042,2.929,2.743,0.0
p257_171.wav,2.049,,5.102,-3.925,0.53,1.08,2.814,2.384,3.235,2.8,4.13,3.893,3.411,3.955,2.953,2.464,0.5
p257_172.wav,2.363,,17.112,7.891,0.762,1.765,2.92,2.827,3.587,3.188,3.222,3.392,4.215,3.821,2.898,2.669,0.25
p257_173.wav,2.356,,12.877,4.622,0.833,1.236,3.17,3.2,3.579,3.881,3.95,3.669,3.989,3.915,3.056,2.726,0.3
p257_174.wav,2.361,,8.886,1.654,0.758,1.321,3.183,3.002,3.296,4.016,3.116,4.032,4.531,4.381,3.154,2.573,0.857
p257_175.wav,3.367,,3.786,-4.942,0.555,1.218,2.483,2.06,2.491,3.223,3.503,3.334,4.1,3.556,3.149,2.591,0.7
p257_176.wav,1.963,,16.145,5.361,0.954,3.06,3.222,2.931,3.246,3.962,3.372,3.987,4.489,4.058,3.264,2.81,0.0
p257_177.wav,2.651,,11.604,8.181,0.952,2.863,3.365,3.167,3.495,3.964,3.458,3.568,3.842,4.476,3.666,3.235,0.0
p257_178.wav,3.304,,6.529,-0.183,0.952,2.744,3.502,3.132,3.486,3.963,3.789,3.645,4.12,4.234,3.02,2.733,0.0
p257_179.wav,1.94,,0.038,-9.924,0.724,2.039,2.914,2.961,3.373,3.841,3.763,3.735,3.853,3.754,2.959,2.688,0.0
p257_180.wav,1.95,,16.112,6.497,0.546,1.605,3.046,2.256,2.691,3.415,3.324,3.682,3.991,4.044,2.827,2.723,0.0
p257_181.wav,2.196,,15.087,6.559,0.834,1.155,3.197,3.101,3.537,3.632,3.106,4.34,3.805,4.37,3.182,2.867,0.0
p257_182.wav,2.29,,9.609,3.854,0.853,1.941,3.023,2.765,3.256,3.414,3.967,4.178,4.241,4.051,3.233,2.661,0.286
p257_183.wav,1.615,,3.792,-3.706,0.435,1.173,2.669,2.211,2.807,3.112,3.897,4.7,4.374,4.232,3.16,2.673,0.5
p257_184.wav,3.148,,17.784,9.55,0.954,2.967,3.627,3.172,3.456,4.01,3.901,4.361,3.75,4.835,3.629,3.244,0.0
p257_185.wav,2.247,,15.128,8.418,0.91,2.807,3.396,3.131,3.444,4.021,2.691,4.187,4.09,4.242,3.119,2.883,0.0
p257_186.wav,3.901,,10.983,7.109,0.931,2.436,3.627,3.225,3.592,3.882,4.28,4.278,4.261,4.826,3.795,3.257,0.333
p257_187.wav,1.675,,0.869,-5.555,0.914,2.262,3.164,3.092,3.482,3.866,4.311,4.536,3.401,4.577,3.26,2.933,0.0
p257_188.wav,3.071,,16.976,8.064,0.819,2.092,3.2,3.004,3.518,3.486,3.424,4.109,4.176,4.333,3.216,2.207,0.0
p257_189.wav,2.235,,13.2,4.364,0.789,1.94,2.943,2.683,3.421,3.056,2.787,3.922,3.96,4.422,3.06,2.704,0.0
p257_190.wav,2.236,,9.692,1.766,0.616,1.317,2.891,2.411,3.391,2.612,3.14,3.253,4.125,3.583,3.081,2.705,0.5
p257_191.wav,2.985,,3.662,-2.625,0.599,1.12,3.036,2.569,3.048,3.487,3.955,2.974,3.757,3.991,2.858,2.291,0.6
p257_192.wav,1.626,,15.502,3.061,0.725,2.355,2.777,2.763,3.123,3.791,3.084,2.951,3.496,3.766,2.909,2.61,0.333
p257_193.wav,2.559,,13.715,3.414,0.703,1.575,2.786,2.357,3.04,3.078,3.693,3.338,3.401,3.794,2.634,2.249,0.4
p257_194.wav,2.633,,9.241,3.423,0.842,1.321,3.114,3.006,3.375,3.833,3.354,3.589,4.282,4.116,2.549,2.24,0.333
p257_195.wav,1.91,,2.303,-7.097,0.579,1.171,2.93,2.545,3.095,3.398,4.485,3.063,3.878,3.13,3.044,2.874,0.5
p257_196.wav,3.13,,16.563,9.154,0.979,2.953,3.432,3.108,3.395,4.041,3.241,4.294,4.378,4.746,3.451,2.867,0.1
p257_197.wav,1.664,,11.749,2.063,0.832,2.056,3.185,2.851,3.316,3.571,3.539,3.43,3.207,3.834,3.148,2.787,0.0
p257_198.wav,3.06,,7.001,2.074,0.935,2.7,3.587,3.209,3.527,4.004,3.8,3.22,3.888,4.189,3.53,3.074,0.111
p257_199.wav,4.225,,-3.376,-16.846,0.345,1.186,2.86,2.77,3.426,3.202,3.986,2.93,3.417,3.08,2.678,2.468,0.0
p257_200.wav,2.306,,17.985,9.612,0.835,2.61,3.333,3.036,3.516,3.767,3.414,4.897,4.032,4.317,3.656,3.24,0.0
p257_201.wav,2.117,,18.922,7.217,0.693,2.199,2.969,2.77,3.374,3.416,3.537,4.542,3.958,4.607,3.174,2.881,0.167
p257_202.wav,3.0,,10.304,4.156,0.775,1.482,3.111,2.818,3.193,3.768,3.297,3.373,3.796,3.904,3.298,3.072,0.167
p257_203.wav,2.04,,10.064,3.084,0.648,1.489,3.256,2.477,2.99,3.336,3.6,3.976,4.377,4.022,3.15,2.791,0.6
p257_204.wav,1.589,,18.539,8.46,0.839,2.896,2.794,2.131,2.483,3.726,3.367,4.05,3.145,4.407,3.023,2.741,0.0
p257_205.wav,2.25,,11.353,3.125,0.793,2.762,3.351,2.509,2.836,3.744,3.457,4.026,3.393,4.454,3.841,3.337,0.0
p257_206.wav,2.966,,6.985,2.725,0.869,2.737,3.235,3.04,3.61,3.48,3.354,4.893,3.76,4.473,3.228,3.109,0.0
p257_207.wav,3.53,,7.821,5.135,0.833,1.897,3.17,2.879,3.458,3.42,2.899,4.011,3.597,3.886,2.813,2.682,0.0
p257_208.wav,1.752,,17.096,6.817,0.708,1.733,2.902,3.048,3.498,3.727,3.988,3.403,3.484,3.925,2.896,2.714,0.6
p257_209.wav,1.819,,10.988,2.672,0.719,1.766,2.806,2.488,3.124,3.2,3.423,3.211,3.544,3.767,2.731,2.255,0.0
p257_210.wav,2.513,,10.435,0.34,0.671,1.691,3.228,2.983,3.347,3.825,3.579,3.102,4.08,4.017,3.466,2.8,0.0
p257_211.wav,1.924,,3.76,-4.466,0.373,1.113,2.64,1.243,1.569,1.94,3.817,3.795,3.748,3.481,3.167,2.374,0.429
p257_212.wav,2.578,,17.596,7.947,0.904,1.941,2.779,2.607,3.329,3.066,3.905,3.46,3.55,4.429,2.908,2.647,0.125
p257_213.wav,1.698,,13.436,1.757,0.684,1.949,2.783,3.044,3.311,4.057,3.542,3.446,3.963,3.712,2.72,2.668,0.0
p257_214.wav,2.606,,8.9,-1.462,0.489,1.333,2.534,2.254,2.791,3.103,3.567,3.267,3.886,3.753,2.929,2.704,1.0
p257_215.wav,1.953,,4.42,-3.121,0.637,1.45,2.908,2.035,2.37,3.041,4.118,4.276,3.99,3.372,3.256,2.736,0.0
p257_216.wav,3.138,,16.279,9.733,0.936,3.072,3.471,3.208,3.575,3.869,3.523,4.451,4.005,4.694,3.649,3.365,0.0
p257_217.wav,2.736,,12.834,7.176,0.897,2.527,3.319,3.085,3.465,3.826,2.949,4.511,3.689,4.821,2.982,2.779,0.333
p257_218.wav,2.268,,7.06,1.602,0.785,1.952,2.899,3.081,3.529,3.714,3.58,3.864,3.233,4.33,3.255,2.81,0.2
p257_219.wav,3.032,,2.316,-2.615,0.802,1.907,3.341,3.073,3.554,3.742,3.344,2.553,3.883,4.011,2.438,2.011,0.077
p257_220.wav,1.847,,18.803,6.0,0.84,2.47,2.799,2.562,2.98,3.534,2.709,3.526,4.28,4.505,2.666,2.277,0.0
p257_221.wav,2.03,,13.635,6.931,0.849,2.174,3.432,3.121,3.613,3.639,3.411,3.893,4.087,3.869,3.29,2.954,0.0
p257_222.wav,2.321,,11.172,4.25,0.676,1.79,3.267,2.656,3.211,3.318,3.501,4.134,4.324,4.468,2.986,2.857,0.0
p257_223.wav,4.251,,3.463,0.653,0.818,1.554,3.001,2.774,3.474,3.206,3.83,2.814,4.038,4.008,2.752,2.095,0.0
p257_224.wav,3.075,,17.108,10.264,0.977,3.487,3.681,3.104,3.39,4.012,3.087,3.393,3.868,4.42,3.305,3.042,0.0
p257_225.wav,2.278,,11.664,5.205,0.942,3.255,3.275,3.131,3.468,3.943,3.394,3.986,4.283,4.415,3.659,3.127,0.0
p257_226.wav,1.984,,10.134,3.207,0.886,2.589,3.287,2.865,3.208,3.875,3.882,3.928,4.41,4.607,3.259,2.918,0.0
p257_227.wav,1.754,,0.844,-5.951,0.787,2.716,3.186,2.875,3.347,3.644,4.022,3.418,3.776,3.729,3.254,3.114,0.0
p257_228.wav,1.623,,14.452,7.85,0.794,2.702,3.067,3.244,3.687,3.697,2.672,4.003,3.471,3.946,2.202,1.835,0.2
p257_229.wav,2.192,,12.155,2.238,0.629,1.623,2.494,2.467,3.301,2.754,3.604,3.416,3.922,3.994,3.219,2.781,0.167
p257_230.wav,3.262,,7.577,-0.136,0.584,1.322,3.086,2.794,3.288,3.518,4.109,3.005,4.218,4.033,2.738,2.499,0.364
p257_231.wav,3.159,,2.412,-6.175,0.539,1.087,2.675,2.523,3.363,2.865,2.974,3.095,3.731,3.58,2.797,2.139,0.667
p257_232.wav,3.745,,17.39,9.232,0.886,2.092,3.246,2.874,3.554,3.25,3.322,3.618,4.078,3.764,3.239,2.598,0.077
p257_233.wav,2.394,,13.337,3.842,0.728,1.921,2.888,3.079,3.486,3.678,3.328,4.383,4.267,3.773,3.127,2.785,0.0
p257_234.wav,3.464,,8.565,0.883,0.728,1.403,2.914,2.645,3.388,3.003,3.518,2.883,3.969,3.672,3.074,2.555,0.083
p257_235.wav,2.253,,3.077,-4.58,0.642,1.131,2.487,2.267,2.851,3.196,3.562,3.333,4.136,3.298,2.747,2.278,0.167
p257_236.wav,3.559,,17.341,9.305,0.933,3.064,3.314,3.305,3.56,4.09,2.827,4.599,3.866,4.663,3.718,3.286,0.0
p257_237.wav,3.336,,12.181,5.8,0.959,2.728,3.611,3.245,3.599,3.949,3.327,3.634,3.558,3.517,3.257,2.884,0.0
p257_238.wav,2.114,,5.728,-2.007,0.854,2.605,3.161,3.064,3.415,3.94,3.68,3.212,3.771,3.957,3.314,2.582,0.25
p257_239.wav,1.997,,0.994,-6.029,0.773,1.2,3.054,2.788,3.452,3.308,3.717,3.615,3.711,4.656,2.805,2.239,0.0
p257_240.wav,2.93,,17.191,7.876,0.803,2.444,3.25,2.596,3.446,2.882,3.003,3.64,3.657,4.683,3.216,2.828,0.0
p257_241.wav,1.612,,12.185,3.699,0.844,2.32,3.344,3.05,3.412,3.842,4.215,2.989,3.894,4.057,2.99,2.473,0.0
p257_242.wav,3.065,,16.731,7.024,0.778,2.124,3.363,3.026,3.581,3.504,2.88,3.895,3.352,3.568,3.049,2.623,0.1
p257_243.wav,2.172,,2.635,-0.68,0.778,1.535,3.162,2.655,3.152,3.521,3.525,2.941,3.557,3.492,2.899,2.285,0.0
p257_244.wav,2.608,,19.257,9.684,0.942,3.154,3.425,3.218,3.473,4.105,4.071,3.776,4.508,4.747,3.625,3.278,0.1
p257_245.wav,2.83,,12.904,6.866,0.924,1.435,3.203,2.97,3.561,3.441,4.01,4.455,4.297,4.879,4.088,2.888,0.0
p257_246.wav,2.669,,7.045,1.486,0.871,2.249,3.324,3.042,3.654,3.553,3.183,4.227,4.017,4.645,3.021,2.712,0.182
p257_247.wav,3.09,,6.122,2.705,0.729,1.795,3.122,2.73,3.548,3.09,3.539,3.559,3.177,3.995,2.566,2.368,0.111
p257_248.wav,3.139,,19.147,10.679,0.914,2.615,3.496,3.172,3.566,3.851,2.68,4.569,3.656,4.327,3.358,2.907,0.111
p257_249.wav,1.603,,12.04,3.914,0.76,1.935,3.097,2.795,3.388,3.351,3.894,2.733,4.0,4.066,3.377,3.163,0.0
p257_250.wav,2.574,,10.15,3.439,0.785,1.766,2.904,2.914,3.552,3.329,3.177,3.635,3.131,3.618,2.807,2.55,0.167
p257_251.wav,3.049,,2.211,-1.852,0.731,1.318,3.26,2.739,3.376,3.285,3.725,4.039,3.291,3.378,3.378,2.814,0.182
p257_252.wav,2.108,,16.901,6.034,0.621,1.209,2.903,2.949,3.438,3.633,3.425,3.815,3.954,4.05,2.859,2.557,0.0
p257_253.wav,2.812,,12.884,3.257,0.757,1.665,2.955,2.934,3.228,3.901,4.055,3.947,3.961,3.755,2.979,2.616,0.111
p257_254.wav,2.17,,7.227,0.318,0.768,1.559,2.778,2.918,3.491,3.431,3.917,3.692,3.946,3.977,3.192,2.854,0.0
p257_255.wav,2.432,,2.911,-6.284,0.548,1.298,2.528,2.393,3.283,2.77,3.119,3.519,3.753,3.731,2.232,1.661,0.222
p257_256.wav,3.171,,16.746,8.749,0.951,3.081,3.724,3.393,3.623,4.189,4.352,4.042,4.212,4.288,3.779,3.399,0.0
p257_257.wav,1.973,,11.381,2.196,0.881,2.095,2.876,3.023,3.466,3.654,2.866,3.26,3.944,3.676,2.592,2.347,0.0
p257_258.wav,3.958,,6.705,1.798,0.89,2.445,3.294,2.824,3.281,3.644,4.227,3.614,4.185,4.555,3.394,2.666,0.0
p257_259.wav,1.443,,0.943,-5.896,0.77,1.292,2.859,2.699,3.116,3.627,3.193,4.061,3.38,3.984,2.891,2.511,0.0
p257_260.wav,2.71,,16.325,6.329,0.662,1.822,3.371,2.917,3.686,3.15,2.525,4.438,3.432,4.265,3.122,2.635,0.0
p257_261.wav,2.674,,16.588,10.878,0.897,2.146,3.209,2.601,3.178,3.237,3.06,3.705,3.458,3.952,2.934,2.578,0.25
p257_262.wav,3.458,,14.033,8.743,0.86,1.332,3.223,3.171,3.577,3.797,3.475,3.59,3.969,3.165,3.079,2.76,0.091
p257_263.wav,2.05,,4.072,-4.509,0.487,1.073,2.741,2.148,3.06,2.487,2.88,3.299,3.606,4.127,2.666,2.001,0.8
p257_264.wav,1.41,,18.986,6.134,0.738,2.347,3.23,2.727,3.21,3.535,3.735,4.068,3.562,4.122,3.07,2.829,0.0
p257_265.wav,2.739,,12.281,6.435,0.938,2.753,3.312,3.054,3.384,3.891,2.961,4.498,3.835,4.427,3.461,2.728,0.0
p257_266.wav,2.54,,9.446,2.8,0.807,2.078,2.874,3.228,3.73,3.596,2.939,3.607,3.759,4.119,3.111,2.823,0.667
p257_267.wav,1.758,,3.52,-2.074,0.698,1.142,2.898,2.546,2.91,3.573,3.443,3.974,3.827,3.725,2.406,2.288,0.25
p257_268.wav,2.551,,17.163,7.703,0.713,2.013,3.03,2.73,3.279,3.427,3.508,3.134,3.643,3.031,2.634,2.496,0.125
p257_269.wav,1.734,,12.063,5.235,0.74,2.164,2.833,2.716,3.457,3.117,3.681,2.698,3.267,3.618,3.043,2.532,0.0
p257_270.wav,2.551,,7.708,-0.09,0.548,1.191,3.224,2.452,2.981,3.412,3.912,3.59,3.278,3.948,2.771,2.296,0.0
p257_271.wav,2.915,,3.978,-4.093,0.489,1.177,2.662,2.431,3.301,2.714,3.61,3.709,3.657,3.899,2.392,2.209,0.545
p257_272.wav,1.966,,15.817,5.226,0.642,1.832,3.48,2.703,3.066,3.741,4.04,3.726,3.597,4.052,3.817,3.36,0.25
p257_273.wav,2.123,,12.091,0.871,0.726,1.776,2.833,2.829,3.666,3.105,3.409,4.175,4.176,4.382,3.083,2.495,0.0
p257_274.wav,1.831,,7.012,-4.849,0.563,1.248,2.916,2.477,2.972,3.59,4.16,2.933,4.158,2.889,2.714,2.484,0.25
p257_275.wav,3.107,,4.406,-1.072,0.73,1.141,2.79,2.6,3.338,3.051,3.699,3.051,3.981,3.562,2.493,2.202,0.25
p257_276.wav,2.307,,14.745,2.769,0.611,1.991,2.841,2.681,2.995,3.882,3.522,3.439,4.037,3.57,3.109,2.752,0.0
p257_277.wav,2.621,,12.765,7.685,0.903,2.429,3.19,3.168,3.613,3.661,2.635,4.513,3.913,4.715,3.241,2.494,0.0
p257_278.wav,3.154,,6.334,-1.737,0.907,2.268,3.125,3.063,3.408,3.916,3.489,2.682,3.662,4.204,2.338,2.018,0.0
p257_279.wav,3.647,,1.461,-5.207,0.927,2.047,3.099,3.063,3.541,3.675,2.879,1.946,3.532,3.868,2.346,1.977,0.0
p257_280.wav,2.465,,19.306,9.977,0.915,2.929,3.411,3.178,3.593,3.739,3.236,3.636,3.576,3.892,3.591,3.091,0.2
p257_281.wav,1.414,,15.757,5.379,0.695,1.834,2.919,2.671,3.439,2.955,3.633,3.711,3.133,3.755,3.119,2.466,0.0
p257_282.wav,1.933,,13.378,2.635,0.74,1.548,3.154,2.492,3.119,3.173,3.578,3.468,3.815,4.071,3.128,2.937,0.0
p257_283.wav,2.821,,4.805,0.481,0.821,1.631,3.005,2.734,3.461,3.126,3.236,3.33,3.892,3.72,2.883,2.339,0.182
p257_284.wav,3.235,,16.119,11.25,0.928,2.63,2.918,2.819,3.446,3.197,3.397,3.262,3.878,4.088,3.368,3.024,0.0
p257_285.wav,1.451,,13.229,2.941,0.769,2.574,2.934,2.744,3.181,3.63,3.413,3.438,3.417,4.12,3.005,2.692,0.333
p257_286.wav,2.488,,6.312,-0.207,0.869,2.271,2.797,3.055,3.482,3.833,3.845,4.352,4.15,4.527,3.293,2.632,0.0
p257_287.wav,1.892,,0.542,-8.814,0.742,2.461,2.907,3.185,3.563,3.951,3.978,2.511,3.661,3.299,3.18,2.9,0.333
p257_288.wav,2.83,,16.335,5.351,0.533,1.58,3.023,2.524,3.382,2.778,3.214,3.123,3.579,3.476,2.843,2.552,0.0
p257_289.wav,2.93,,15.744,5.146,0.737,1.953,2.753,3.257,3.528,4.105,3.797,3.43,4.12,3.836,2.98,2.737,0.0
p257_290.wav,2.341,,8.426,1.383,0.664,1.494,2.937,2.981,3.381,3.763,3.916,3.196,3.93,3.594,2.999,2.665,0.25
p257_291.wav,1.7,,-0.622,-12.88,0.418,1.061,2.533,2.275,3.227,2.629,4.104,2.732,3.62,3.347,2.471,2.103,1.0
p257_292.wav,2.927,,17.826,10.915,0.909,2.499,3.54,3.248,3.505,4.093,3.209,4.837,4.508,4.2,3.177,2.761,0.0
p257_293.wav,2.349,,12.426,2.2,0.515,1.735,3.12,2.909,3.315,3.749,4.472,2.551,3.977,3.382,2.924,2.558,0.0
p257_294.wav,1.998,,9.413,1.09,0.728,1.713,3.001,2.851,3.268,3.679,3.802,2.286,3.931,2.982,2.393,2.298,0.0
p257_295.wav,1.698,,3.614,-4.329,0.515,1.131,2.854,2.181,2.591,3.404,3.197,3.342,4.056,3.507,2.794,2.442,1.0
p257_296.wav,3.056,,16.052,7.729,0.906,3.056,3.336,3.249,3.523,4.109,4.072,3.683,4.605,4.647,3.355,3.258,0.0
p257_297.wav,3.343,,12.36,6.037,0.953,2.711,3.089,2.864,3.383,3.507,3.935,3.759,4.226,4.584,3.437,3.004,0.0
p257_298.wav,2.608,,6.187,0.761,0.845,2.126,3.165,2.979,3.427,3.646,3.593,2.876,3.679,3.627,3.023,2.666,0.0
p257_299.wav,3.018,,1.624,-2.511,0.919,1.361,3.276,2.647,3.033,3.611,3.699,4.206,4.053,4.512,2.864,2.482,0.0
p257_300.wav,1.666,,17.089,5.806,0.793,2.673,2.883,3.115,3.516,3.672,2.548,3.575,3.475,4.178,2.607,2.349,0.0
p257_301.wav,2.606,,14.952,5.484,0.716,2.384,3.054,3.098,3.394,4.045,3.413,3.125,4.084,3.7,2.744,2.399,0.0
p257_302.wav,2.305,,16.173,3.903,0.788,1.978,2.933,2.649,3.165,3.382,3.077,3.515,3.984,4.247,2.509,2.176,0.0
p257_303.wav,2.008,,7.52,1.096,0.702,1.388,3.028,2.724,3.316,3.397,3.504,4.072,4.051,3.492,2.967,2.777,0.0
p257_304.wav,1.743,,15.418,6.059,0.873,2.94,2.94,3.04,3.347,3.993,2.98,4.417,3.856,4.37,3.226,2.915,0.333
p257_305.wav,1.893,,17.814,9.168,0.804,1.799,3.266,2.801,3.446,3.331,3.645,4.259,3.25,4.21,2.972,2.797,0.0
p257_306.wav,1.666,,7.666,4.351,0.875,2.4,3.027,2.905,3.401,3.541,2.824,3.617,3.432,4.213,3.128,2.912,0.0
p257_307.wav,3.133,,6.479,3.395,0.872,1.667,3.074,2.673,3.326,3.154,3.207,3.601,3.627,4.653,2.946,2.533,0.0
p257_308.wav,2.325,,17.15,9.095,0.87,1.937,3.005,3.049,3.386,3.944,3.974,3.563,3.634,4.029,3.227,2.858,0.0
p257_309.wav,1.71,,10.256,-1.798,0.496,1.756,2.65,2.695,3.496,2.988,3.908,2.856,3.873,3.61,2.906,2.551,0.0
p257_310.wav,1.567,,8.054,-2.197,0.638,1.061,2.57,2.074,2.951,2.508,3.518,2.567,3.955,4.33,2.493,1.942,0.0
p257_311.wav,2.558,,4.087,-3.968,0.552,1.244,2.86,2.898,3.452,3.448,3.008,3.738,3.147,3.949,2.999,2.344,0.571
p257_312.wav,1.715,,17.842,7.298,0.766,1.929,2.813,2.932,3.454,3.633,3.711,3.582,3.334,3.302,2.534,2.32,0.4
p257_313.wav,2.439,,12.501,2.293,0.723,1.165,2.889,2.674,3.166,3.491,3.154,3.321,3.519,3.39,2.77,2.583,0.0
p257_314.wav,3.254,,8.435,1.196,0.767,1.517,2.784,2.435,3.179,2.962,3.524,3.042,3.995,4.075,2.932,2.399,0.0
p257_315.wav,1.668,,2.76,-9.333,0.354,1.05,2.426,2.437,3.249,2.858,3.797,3.125,3.309,3.441,2.758,2.233,1.0
p257_316.wav,1.836,,16.154,6.821,0.907,2.742,3.172,2.912,3.197,3.987,2.905,3.909,3.633,4.285,2.909,2.678,0.0
p257_317.wav,1.75,,12.733,4.132,0.93,2.672,3.306,2.816,3.22,3.712,4.053,3.74,3.593,4.47,3.274,3.119,0.0
p257_318.wav,2.38,,5.749,-3.63,0.786,2.69,3.072,2.61,3.028,3.688,4.198,3.929,3.987,3.888,3.729,3.082,0.0
p257_319.wav,2.954,,1.891,-1.746,0.894,1.224,3.196,2.816,3.529,3.225,3.44,3.237,3.678,3.581,2.842,2.35,0.0
p257_320.wav,2.824,,18.283,12.494,0.932,3.04,3.429,3.148,3.619,3.609,3.287,4.252,3.99,4.695,3.502,3.007,0.0
p257_321.wav,1.955,,14.254,8.092,0.799,2.305,3.506,2.596,3.12,3.474,3.362,3.653,3.619,3.932,3.116,2.832,0.0
p257_322.wav,1.818,,12.076,0.55,0.738,1.732,2.973,2.656,3.539,2.854,3.346,3.99,4.134,3.593,3.149,2.959,0.0
p257_323.wav,1.738,,7.273,1.612,0.703,1.151,3.156,2.782,3.393,3.299,4.521,3.194,3.466,3.08,3.035,2.264,0.0
p257_324.wav,3.521,,18.044,11.813,0.941,3.435,3.445,3.338,3.602,4.118,2.829,4.693,4.127,4.901,3.122,2.897,0.0
p257_325.wav,2.034,,13.339,6.132,0.879,2.4,3.37,2.836,3.185,3.825,2.582,4.185,3.916,4.619,3.0,2.572,0.0
p257_326.wav,1.737,,7.99,0.74,0.866,2.767,3.019,2.659,2.981,3.817,3.026,4.399,3.517,4.598,3.421,3.023,0.0
p257_327.wav,1.592,,8.379,2.408,0.655,1.662,2.657,1.176,1.275,1.135,2.733,2.529,3.354,3.418,2.502,2.098,0.0
p257_328.wav,1.452,,16.519,5.623,0.824,2.297,3.19,2.949,3.298,3.861,4.094,4.06,3.776,4.325,3.06,2.797,0.667
p257_329.wav,1.574,,12.319,1.773,0.643,1.357,2.994,2.559,3.271,2.99,3.575,2.863,3.487,3.509,2.782,2.491,0.0
p257_330.wav,2.649,,8.725,4.034,0.865,1.69,3.178,3.026,3.445,3.736,3.735,3.716,3.646,3.056,3.003,2.682,0.0
p257_331.wav,2.076,,2.259,-4.717,0.493,1.059,2.715,1.179,1.432,1.391,3.254,2.991,3.379,3.116,2.635,2.331,0.8
p257_332.wav,2.834,,16.937,8.047,0.83,1.938,3.2,3.163,3.569,3.767,2.445,4.049,4.105,4.669,2.841,2.281,0.091
p257_333.wav,2.311,,13.982,4.547,0.896,2.094,3.396,2.95,3.244,3.993,3.17,3.646,3.871,3.7,2.731,2.499,0.0
p257_334.wav,2.519,,8.344,-1.421,0.646,1.602,3.195,2.539,2.967,3.599,3.415,3.353,4.249,3.328,2.759,2.522,0.0
p257_335.wav,1.582,,1.634,-6.803,0.665,1.257,2.589,2.697,3.536,2.974,3.267,3.159,3.226,3.097,2.59,2.325,0.0
p257_336.wav,3.192,,16.354,7.224,0.972,2.996,3.395,3.307,3.565,4.15,3.799,4.484,4.389,4.834,3.657,3.336,0.091
p257_337.wav,2.11,,10.373,1.393,0.665,1.949,3.165,2.657,3.013,3.753,3.019,4.4,3.841,4.422,3.389,3.033,0.0
p257_338.wav,2.65,,6.589,0.895,0.828,1.352,3.3,3.181,3.553,3.976,3.55,2.627,3.493,3.878,2.985,2.492,0.375
p257_339.wav,3.274,,1.732,-5.559,0.918,1.961,3.083,3.089,3.495,3.856,3.656,3.062,3.948,4.043,3.217,2.694,0.091
p257_340.wav,1.852,,15.925,8.303,0.821,2.369,3.53,2.903,3.397,3.574,2.597,4.652,3.807,4.465,3.544,2.967,0.0
p257_341.wav,2.406,,19.309,9.976,0.935,2.456,3.224,3.136,3.673,3.52,2.882,3.835,3.606,4.379,2.987,2.479,0.0
p257_342.wav,1.998,,16.213,7.437,0.771,2.056,3.017,2.463,3.168,3.221,3.612,4.145,3.846,4.516,3.457,3.163,0.0
p257_343.wav,2.984,,6.338,2.408,0.779,1.348,3.309,2.826,3.327,3.576,3.546,4.179,3.946,3.981,3.291,2.97,0.222
p257_344.wav,1.899,,19.25,11.699,0.903,3.026,3.315,3.147,3.592,3.732,3.219,3.844,4.229,3.917,3.441,2.973,0.0
p257_345.wav,2.935,,11.379,5.71,0.925,3.376,3.519,3.062,3.409,3.957,4.015,4.203,4.367,4.439,3.611,3.187,0.0
p257_346.wav,2.223,,6.999,0.73,0.833,2.134,3.112,2.63,3.279,3.19,3.813,3.141,4.116,3.932,2.954,2.525,0.167
p257_347.wav,3.056,,5.686,1.113,0.743,1.7,2.833,2.281,3.269,2.516,3.214,3.856,3.19,4.187,3.212,2.142,0.111
p257_348.wav,2.042,,17.518,6.99,0.812,2.202,3.089,2.952,3.367,3.719,3.288,3.841,3.651,4.414,2.962,2.563,0.0
p257_349.wav,2.628,,13.705,5.827,0.794,1.199,3.57,2.492,3.329,2.842,3.599,3.319,3.542,3.308,2.912,2.743,0.286
p257_350.wav,2.776,,7.895,1.795,0.674,1.321,3.036,2.823,3.505,3.222,3.611,3.121,3.552,3.228,2.727,2.342,0.2
p257_351.wav,2.815,,3.452,-2.983,0.574,1.079,2.946,2.058,2.98,2.516,3.325,4.197,4.25,3.194,2.863,2.266,0.2
p257_352.wav,2.114,,17.168,7.441,0.841,2.584,3.188,2.679,3.089,3.687,3.671,4.232,4.314,4.349,3.285,3.098,0.0
p257_353.wav,1.641,,12.48,2.0,0.687,1.179,3.066,2.688,2.999,3.821,3.965,3.968,3.893,3.949,2.941,2.484,0.0
p257_354.wav,2.051,,6.766,-4.023,0.546,1.282,2.978,2.5,3.205,3.047,3.906,4.082,4.005,3.405,3.297,2.828,0.2
p257_355.wav,1.952,,3.907,-3.17,0.59,1.093,2.744,2.064,2.767,2.886,3.767,3.131,4.194,2.972,2.822,2.036,0.0
p257_356.wav,2.187,,15.926,8.09,0.961,2.784,3.523,3.24,3.562,3.978,3.535,4.197,3.421,4.004,3.572,3.15,0.286
p257_357.wav,2.147,,11.864,5.17,0.984,2.985,3.478,2.889,3.237,3.862,3.342,3.61,3.952,4.048,3.333,3.0,0.0
p257_358.wav,3.596,,6.772,1.237,0.936,3.039,3.773,3.106,3.539,3.798,3.674,2.907,3.679,4.237,2.98,2.349,0.0
p257_359.wav,2.513,,1.122,-6.275,0.84,1.892,3.299,2.969,3.494,3.602,3.306,3.564,3.734,4.093,2.854,2.545,0.0
p257_360.wav,2.821,,18.701,11.356,0.929,2.828,3.189,2.938,3.529,3.37,3.044,3.934,3.646,3.759,2.669,2.422,0.077
p257_361.wav,1.449,,12.749,4.208,0.839,2.238,2.829,2.914,3.421,3.569,3.801,4.166,3.958,4.491,3.044,2.683,0.0
p257_362.wav,1.884,,10.903,0.797,0.719,1.134,2.922,2.867,3.244,3.789,3.71,3.486,4.009,4.018,3.164,2.833,0.0
p257_363.wav,2.077,,3.808,-3.422,0.553,1.145,2.914,2.764,3.276,3.442,3.226,2.997,3.733,3.977,2.901,2.541,0.5
p257_364.wav,3.185,,15.879,11.133,0.963,3.172,3.751,3.107,3.443,3.932,3.302,3.849,3.583,4.498,3.48,3.172,0.0
p257_365.wav,2.099,,12.728,6.387,0.93,2.815,3.442,2.949,3.444,3.588,3.839,4.557,3.995,4.752,4.008,3.564,0.0
p257_366.wav,3.365,,7.612,4.726,0.941,1.865,3.334,2.694,3.269,3.302,3.981,4.568,4.277,4.542,3.533,3.219,0.0
p257_367.wav,3.244,,4.934,5.433,0.851,1.14,2.852,2.601,3.115,3.301,3.165,3.411,3.385,4.452,2.923,2.378,0.1
p257_368.wav,2.098,,17.028,6.496,0.816,2.009,2.994,2.839,3.524,3.19,3.33,4.26,3.686,4.114,3.207,2.894,0.0
p257_369.wav,2.284,,11.894,4.012,0.788,2.239,3.237,2.84,3.262,3.697,3.107,3.204,3.908,3.365,3.12,2.787,0.167
p257_370.wav,2.216,,8.625,-1.462,0.601,1.548,2.859,2.274,2.847,2.757,3.695,2.58,3.86,3.417,2.8,2.276,0.25
p257_371.wav,1.639,,1.837,-2.88,0.732,1.445,3.022,2.566,3.183,3.411,2.476,4.186,4.538,4.046,2.418,1.809,0.0
p257_372.wav,2.01,,17.062,8.269,0.88,2.371,3.139,2.8,3.19,3.756,3.978,3.243,4.431,4.076,3.038,2.695,0.167
p257_373.wav,1.413,,12.118,3.46,0.792,1.083,3.019,2.61,3.473,2.894,3.319,3.213,3.225,3.656,2.717,2.112,0.0
p257_374.wav,2.581,,6.84,1.346,0.83,1.281,3.072,2.653,3.149,3.529,3.49,3.754,3.372,3.863,2.571,2.314,0.125
p257_375.wav,2.895,,4.051,-3.426,0.462,1.045,2.48,2.06,3.21,2.114,2.428,2.256,3.771,3.509,2.081,1.684,0.182
p257_376.wav,2.27,,14.183,7.148,0.775,2.208,3.301,2.764,3.082,3.955,2.742,4.114,3.09,4.489,3.375,3.19,0.2
p257_377.wav,2.689,,11.297,3.918,0.883,2.663,3.684,3.264,3.527,4.084,3.533,3.472,3.77,3.959,3.433,3.107,0.0
p257_378.wav,1.72,,5.472,-4.333,0.615,1.74,2.567,2.935,3.458,3.564,3.254,3.281,2.551,4.884,3.626,3.291,0.0
p257_379.wav,3.518,,1.52,-4.366,0.879,2.067,3.328,3.077,3.653,3.526,3.311,3.585,3.328,4.333,2.893,2.571,0.0
p257_380.wav,2.221,,17.916,10.348,0.908,2.331,3.22,2.921,3.506,3.348,3.487,4.619,3.716,4.812,4.022,3.148,0.429
p257_381.wav,3.037,,18.038,8.306,0.805,2.352,3.388,2.835,3.298,3.579,3.398,3.353,3.821,3.791,2.93,2.576,0.111
p257_382.wav,1.881,,10.479,2.562,0.638,1.421,2.941,2.829,3.289,3.611,3.27,4.004,3.491,3.811,3.368,2.843,0.0
p257_383.wav,3.437,,15.719,7.274,0.833,1.815,3.059,2.464,3.039,3.262,3.219,3.579,4.423,4.386,2.554,2.331,0.1
p257_384.wav,2.78,,16.831,8.951,0.896,2.848,3.435,3.357,3.634,4.134,3.605,3.865,3.467,3.955,3.424,3.117,0.0
p257_385.wav,2.215,,12.74,4.825,0.832,2.417,3.15,3.362,3.622,4.143,3.188,4.159,4.56,4.424,3.199,2.771,0.0
p257_386.wav,2.179,,5.461,-3.51,0.865,2.513,3.39,2.968,3.399,3.815,4.322,4.258,4.244,3.815,3.38,3.023,0.167
p257_387.wav,1.434,,0.687,-5.297,0.64,1.17,3.206,2.693,3.073,3.753,4.063,3.582,3.47,3.545,3.205,2.937,0.0
p257_388.wav,1.684,,16.237,5.192,0.81,2.146,3.018,2.748,3.211,3.47,2.815,4.425,3.89,4.653,3.28,2.618,0.0
p257_389.wav,3.36,,14.009,6.258,0.817,1.895,2.881,2.525,2.952,3.496,4.281,3.883,3.818,4.328,3.512,2.805,0.25
p257_390.wav,1.537,,7.294,-2.197,0.654,1.55,3.413,3.113,3.593,3.662,3.269,2.746,3.35,3.152,2.267,2.037,0.0
p257_391.wav,2.307,,1.701,-2.557,0.62,1.351,3.119,2.851,3.297,3.638,3.484,2.946,3.958,3.967,2.367,1.975,0.167
p257_392.wav,2.437,,17.157,8.353,0.893,2.307,3.129,2.746,3.158,3.607,3.039,3.69,4.185,3.464,2.991,2.625,0.0
p257_393.wav,2.348,,13.432,5.897,0.812,2.176,3.05,3.084,3.512,3.659,3.38,3.945,4.256,4.038,3.091,2.572,0.0
p257_394.wav,2.883,,8.47,2.619,0.878,1.991,2.871,2.67,3.134,3.482,3.739,4.014,4.264,4.514,2.781,2.563,0.0
p257_395.wav,2.347,,2.811,-5.291,0.602,1.321,2.745,2.324,2.827,3.233,4.23,3.687,4.525,4.118,3.731,3.279,0.286
p257_396.wav,1.724,,15.701,7.703,0.934,3.234,3.248,2.808,3.132,3.879,3.592,4.005,3.616,4.239,3.361,2.883,0.25
p257_397.wav,1.88,,10.192,0.937,0.904,2.897,3.308,3.103,3.423,4.008,3.712,3.583,3.865,3.924,3.443,3.076,0.0
p257_398.wav,1.58,,5.499,-3.267,0.739,1.268,2.796,2.915,3.366,3.757,3.629,4.114,3.615,4.106,2.848,2.635,0.0
p257_399.wav,2.785,,1.835,-4.914,0.918,1.942,3.346,2.834,3.347,3.523,4.109,3.743,3.685,4.386,3.349,2.41,0.0
p257_400.wav,1.904,,20.077,10.417,0.802,2.014,3.308,3.013,3.588,3.458,3.299,4.737,3.719,4.272,3.945,3.025,0.0
p257_401.wav,1.774,,13.147,4.018,0.732,1.159,3.292,3.11,3.514,3.848,3.008,4.144,3.9,4.118,3.875,3.251,0.333
p257_402.wav,3.001,,8.918,6.219,0.809,1.728,3.296,2.498,3.401,2.787,3.349,3.584,4.216,4.58,2.845,2.332,0.0
p257_403.wav,2.122,,8.674,2.515,0.767,1.928,2.931,2.534,3.219,3.034,2.909,3.505,3.19,3.64,2.882,2.332,0.0
p257_404.wav,2.41,,16.053,7.186,0.808,2.787,3.16,2.887,3.189,3.845,3.363,3.083,4.476,4.517,2.506,1.953,0.0
p257_405.wav,2.053,,16.708,7.096,0.796,2.211,2.997,2.786,3.475,3.105,2.575,3.975,3.459,4.235,2.878,2.487,0.0
p257_406.wav,2.8,,6.953,1.312,0.911,3.256,3.296,3.19,3.44,4.064,3.684,3.113,3.798,3.747,3.133,2.723,0.0
p257_407.wav,2.519,,2.013,-4.23,0.851,1.351,3.486,2.836,3.195,3.912,3.211,3.97,3.712,3.719,3.298,2.717,0.143
p257_408.wav,2.38,,17.054,6.761,0.797,2.165,2.991,2.913,3.383,3.55,3.078,4.004,3.697,3.604,2.942,2.695,0.0
p257_409.wav,1.882,,11.202,-1.393,0.641,1.799,2.874,2.882,3.344,3.607,3.877,3.115,4.16,3.732,2.968,2.496,0.0
p257_410.wav,3.581,,7.552,1.784,0.807,1.358,3.262,3.082,3.428,3.891,3.897,4.068,4.313,4.043,3.405,3.071,0.111
p257_411.wav,3.171,,2.57,-1.418,0.745,1.277,2.808,3.007,3.525,3.645,3.716,2.896,3.746,3.865,2.823,2.135,0.0
p257_412.wav,1.907,,16.7,5.61,0.855,2.586,2.933,3.263,3.592,4.03,3.35,4.361,4.071,4.394,3.206,2.512,0.0
p257_413.wav,2.036,,13.447,4.782,0.787,1.967,3.259,3.046,3.495,3.683,3.793,3.236,3.916,4.65,3.417,2.712,0.0
p257_414.wav,1.847,,11.109,3.703,0.736,1.816,2.915,2.604,3.011,3.559,3.225,3.213,3.725,4.363,2.665,2.23,0.0
p257_415.wav,1.977,,1.729,-8.245,0.608,1.166,2.937,2.603,3.569,2.718,4.333,3.68,3.425,3.889,3.013,2.736,0.0
p257_416.wav,2.182,,16.42,8.173,0.964,3.006,3.219,3.139,3.587,3.777,3.105,4.237,3.895,4.483,3.35,2.812,0.0
p257_417.wav,1.661,,11.901,3.019,0.963,2.539,3.485,2.798,3.171,3.753,2.956,4.049,3.536,4.402,3.183,2.815,0.0
p257_418.wav,2.687,,6.525,-1.26,0.854,1.87,3.212,2.951,3.366,3.808,3.982,2.87,3.827,3.55,2.699,2.098,0.0
p257_419.wav,2.304,,1.187,-5.735,0.845,2.061,2.986,3.172,3.644,3.723,3.722,3.586,3.519,3.648,3.014,2.682,0.0
p257_420.wav,1.611,,18.138,7.316,0.896,2.484,3.313,3.026,3.374,3.879,3.181,4.382,3.555,4.134,3.431,3.067,0.0
p257_421.wav,1.586,,13.066,4.305,0.714,2.305,3.141,2.94,3.305,3.882,3.753,4.0,3.628,3.982,3.281,2.873,0.0
p257_422.wav,3.068,,11.178,5.637,0.679,1.517,3.27,2.677,3.433,3.052,3.513,4.558,3.741,4.419,3.399,2.952,0.1
p257_423.wav,1.953,,3.76,-2.723,0.681,1.105,3.018,2.709,3.141,3.615,3.6,2.696,3.97,3.713,2.634,2.383,0.0
p257_424.wav,3.435,,19.746,11.121,0.919,2.677,3.235,3.091,3.579,3.612,2.827,4.165,3.79,4.543,2.978,2.622,0.0
p257_425.wav,1.624,,5.718,-1.717,0.707,2.349,2.829,2.815,3.353,3.54,3.662,2.978,3.621,3.565,2.648,2.503,0.0
p257_426.wav,2.298,,3.258,-3.996,0.634,1.185,2.789,2.483,2.982,3.346,4.204,3.177,4.092,3.626,2.95,2.402,0.2
p257_427.wav,1.924,,5.914,-1.702,0.513,1.166,2.644,1.971,3.201,1.968,2.887,3.172,4.002,3.623,2.576,2.149,0.25
p257_428.wav,2.43,,15.571,8.405,0.916,2.722,3.482,2.677,3.303,3.26,3.479,4.5,3.964,4.477,3.97,3.306,0.0
p257_429.wav,1.391,,11.883,3.078,0.677,1.837,2.942,2.755,3.145,3.705,3.489,3.783,4.185,3.956,3.288,3.082,0.0
p257_430.wav,3.415,,7.912,0.937,0.715,1.476,2.806,2.467,3.375,2.699,3.418,2.514,3.714,3.398,2.482,1.953,0.091
p257_431.wav,2.412,,11.327,4.288,0.751,1.597,2.984,2.352,3.361,2.365,3.183,3.228,4.133,3.867,2.436,2.196,0.0
p257_432.wav,2.21,,12.318,1.591,0.533,1.11,3.041,2.885,3.322,3.663,3.968,3.744,3.682,3.762,2.607,2.392,1.0
p257_433.wav,2.311,,11.29,2.782,0.779,2.244,2.912,2.87,3.169,3.906,3.581,3.801,3.911,4.454,2.816,2.581,0.0
p257_434.wav,2.084,,0.537,-8.738,0.719,2.011,3.267,2.699,3.301,3.313,3.396,3.5,3.366,3.942,2.865,2.434,0.0
